Workbook

Sheet P ROFIQ (W8515DT)
B1: TANGGAL | C1: NO. POL | D1: DRIVER | E1: MERK KEDELAI | F1: PENERIMA | G1: BERAT (kg) | H1: ONGKOSAN | J1: SAKU SOPIR | L1: SETORAN | M1: KERUSAKAN
B2: 45078 | C2: B 9705 FYV | D2: PAK YOYOK | E2: PANAH | F2: PAK JAMIL | G2: 9000 | H2: 1400000 | J2: 900000 | L2: =H2-J2 -> 500000 | M2: 450000
B3: 45080 | C3: B 9705 FYV | D3: PAK YOYOK | E3: PANAH | F3: BU YATINI | G3: 9000 | H3: 1400000 | J3: 900000 | L3: =H3-J3 -> 500000
B4: 45082 | C4: B 9705 FYV | D4: PAK YOYOK | E4: PANAH | F4: PAK JAMIL | G4: 9000 | H4: 1400000 | J4: 900000 | L4: =H4-J4 -> 500000
B5: 45083 | C5: B 9705 FYV | D5: PAK YOYOK | E5: LOTUS | F5: PAK SLAMET TOBO | G5: 9000 | H5: 1215000 | J5: 700000 | L5: =H5-J5 -> 515000
B6: 45084 | C6: B 9705 FYV | D6: PAK YOYOK | E6: PANAH | F6: PAK JAMIL | G6: 9000 | H6: 1400000 | J6: 900000 | L6: =H6-J6 -> 500000
B7: 45085 | C7: B 9705 FYV | D7: PAK YOYOK | E7: PANAH | F7: MAS ARIK | G7: 9000 | H7: 1400000 | J7: 900000 | L7: =H7-J7 -> 500000
B8: 45086 | C8: B 9705 FYV | D8: PAK YOYOK | E8: LOTUS | F8: ABAH PRANOTO BLITAR | G8: 8500 | H8: 1300000 | J8: 850000 | L8: =H8-J8 -> 450000
B9: 45090 | C9: B 9705 FYV | D9: PAK YOYOK | E9: PANAH | F9: BU KASMI MADIUN | G9: 9000 | H9: 1350000 | J9: 800000 | L9: =H9-J9 -> 550000 | M9: 1727000
B10: 45091 | C10: B 9705 FYV | D10: PAK YOYOK | E10: LOTUS | F10: PAK SAIKU | G10: 8500 | H10: 1230000 | J10: 700000 | L10: =H10-J10 -> 530000
B11: 45092 | C11: B 9705 FYV | D11: PAK YOYOK | E11: PANAH | F11: PAK JAMIL | G11: 9000 | H11: 1400000 | J11: 900000 | L11: =H11-J11 -> 500000
B12: 45093 | C12: B 9705 FYV | D12: PAK YOYOK | E12: PANAH | F12: PAK JAMIL | G12: 9000 | H12: 1400000 | J12: 900000 | L12: =H12-J12 -> 500000
B13: 45094 | C13: B 9705 FYV | D13: PAK YOYOK | E13: PANAH | F13: PAK JAMIL | G13: 9000 | H13: 1400000 | J13: 900000 | L13: =H13-J13 -> 500000
B14: 45096 | C14: B 9705 FYV | D14: PAK YOYOK | E14: LOTUS | F14: PAK RAMIN | H14: 1450000 | J14: 900000 | L14: =H14-J14 -> 550000 | M14: 63000
B15: 45097 | C15: B 9705 FYV | D15: PAK YOYOK | E15: PANAH | F15: KOPTI WAHYU SATRIA MALANG | H15: 1200000 | J15: 640000 | L15: =H15-J15 -> 560000
B16: 45098 | C16: B 9705 FYV | D16: PAK YOYOK | E16: PANAH | F16: PAK JAMIL | G16: 8500 | H16: 1400000 | J16: 900000 | L16: =H16-J16 -> 500000
B17: 45099 | C17: B 9705 FYV | D17: PAK YOYOK | E17: LOTUS | F17: MAS ARIK | H17: 1400000 | J17: 900000 | L17: =H17-J17 -> 500000
B18: 45100 | C18: B 9705 FYV | D18: PAK YOYOK | E18: PANAH | F18: PAK JAMIL | H18: 1400000
B19: 45101 | C19: B 9705 FYV | D19: PAK YOYOK | E19: PANAH | F19: PAK RAMIN | H19: 1450000 | J19: 900000 | L19: =H19-J19 -> 550000 | M19: 3870000
B20: 45104 | C20: B 9705 FYV | D20: PAK YOYOK | E20: PANAH | F20: BU KASMI MADIUN | H20: 1350000 | J20: 800000 | L20: =H20-J20 -> 550000
B21: 45105 | C21: B 9705 FYV | D21: PAK YOYOK | E21: LOTUS | F21: TOKO | H21: 675000 | J21: 350000 | L21: =H21-J21 -> 325000 | M21: 670000
L22: =SUM(L1:L21) -> 9580000 | M22: =SUM(M1:M21) -> 6780000
L23: =L22-M22 -> 2800000
B25: TANGGAL | C25: NO. POL | D25: DRIVER | E25: MERK KEDELAI | F25: PENERIMA | G25: BERAT (kg) | H25: ONGKOSAN | J25: SAKU SOPIR | L25: SETORAN | M25: KERUSAKAN
B26: 45113 | C26: B 9705 FYV | D26: Pak Yoyok | E26: Panah Biru | F26: Kopti Wahyu Satria Malang | G26: 8500 | H26: 1100000 | J26: 640000 | L26: =H26-J26 -> 460000
B27: 45114 | C27: B 9705 FYV | D27: Pak Yoyok | E27: Panah Biru | F27: Pak Iwan Bojonegoro Kota | G27: 9000 | H27: 1350000 | J27: 800000 | L27: =H27-J27 -> 550000 | M27: 120000
B28: 45115 | C28: B 9705 FYV | D28: Pak Yoyok | E28: Lotus | G28: 9000 | H28: 1080000 | J28: 640000 | L28: =H28-J28 -> 440000 | M28: 60000
B29: 45117 | C29: B 9705 FYV | D29: Pak Yoyok | E29: Lotus | F29: Pak saiku malang | G29: 8500 | H29: 1230000 | J29: 700000 | L29: =H29-J29 -> 530000 | M29: 184000
B30: 45118 | C30: B 9705 FYV | D30: Pak Yoyok | E30: Lotus | F30: Toko bumi berkah | G30: 9000 | H30: 675000 | J30: 350000 | L30: =H30-J30 -> 325000 | M30: 993000
B31: 45119 | C31: B 9705 FYV | D31: Pak Yoyok | E31: Lotus | F31: Pak ramin | G31: 9000 | H31: 1450000 | J31: 900000 | L31: =H31-J31 -> 550000
B32: 45120 | C32: B 9705 FYV | D32: Pak Yoyok | E32: Lotus | F32: Pak ramin | G32: 9000 | H32: 1450000 | J32: 900000 | L32: =H32-J32 -> 550000 | M32: 580000
B33: 45121 | C33: B 9705 FYV | D33: Pak Yoyok | E33: Lotus | F33: Abah slamet | G33: 9000 | H33: 1215000 | J33: 700000 | L33: =H33-J33 -> 515000
B34: 45122 | C34: B 9705 FYV | D34: Pak Yoyok | E34: Lotus | F34: Pak Iwan Bojonegoro Kota | G34: 9000 | H34: 1080000 | J34: 640000 | L34: =H34-J34 -> 440000 | M34: 275000
B35: 45124 | C35: B 9705 FYV | D35: Pak Yoyok | E35: Lotus | F35: Kopti Wahyu Satria Malang | G35: 8500 | H35: 1100000 | J35: 640000 | L35: =H35-J35 -> 460000 | M35: 626000
B36: 45125 | C36: B 9705 FYV | D36: Pak Yoyok | E36: Lotus | F36: Abah slamet | G36: 9000 | H36: 1215000 | J36: 700000 | L36: =H36-J36 -> 515000
B37: 45127 | C37: B 9705 FYV | D37: Pak Yoyok | E37: Lotus | F37: Pak ramin | G37: 9000 | H37: 1450000 | J37: 900000 | L37: =H37-J37 -> 550000
B38: 45128 | C38: B 9705 FYV | D38: Pak Yoyok | E38: Lotus | F38: Pak ramin | G38: 9000 | H38: 1450000 | J38: 900000 | L38: =H38-J38 -> 550000
B39: 45129 | C39: B 9705 FYV | D39: Pak Yoyok | E39: Lotus | F39: Toko bumi berkah | G39: 9000 | H39: 675000 | J39: 350000 | L39: =H39-J39 -> 325000 | M39: 110000
B40: 45131 | C40: B 9705 FYV | D40: Pak Yoyok | E40: Lotus | F40: Pak arik ngawi | G40: 9000 | H40: 1400000 | J40: 900000 | L40: =H40-J40 -> 500000 | M40: 325000
B41: 45132 | C41: B 9705 FYV | D41: Pak Yoyok | E41: Lotus | F41: Bu Kasmi Madiun | G41: 9000 | H41: 1350000 | J41: 800000 | L41: =H41-J41 -> 550000
B42: 45133 | C42: B 9705 FYV | D42: Pak Yoyok | E42: Hiu | F42: Bu yantini ngawi | G42: 9000 | H42: 1400000 | J42: 900000 | L42: =H42-J42 -> 500000 | M42: 850000
B43: 45134 | C43: B 9705 FYV | D43: Pak Yoyok | E43: Hiu | F43: Bu Kasmi Madiun | G43: 9000 | H43: 1350000 | J43: 800000 | L43: =H43-J43 -> 550000
B44: 45135 | C44: B 9705 FYV | D44: Pak Yoyok | E44: Lotus | F44: Pak Iwan Bojonegoro Kota | G44: 9000 | H44: 1080000 | J44: 640000 | L44: =H44-J44 -> 440000
B45: 45136 | C45: B 9705 FYV | D45: Pak Yoyok | E45: Lotus | F45: Toko bumi berkah | G45: 9000 | H45: 675000 | J45: 350000 | L45: =H45-J45 -> 325000 | M45: 51000
B46: 45138 | C46: B 9705 FYV | D46: Pak Yoyok | E46: Lotus | F46: Pak saiku malang | G46: 8500 | H46: 1230000 | J46: 700000 | L46: =H46-J46 -> 530000
L47: =SUM(L26:L46) -> 10155000 | M47: =SUM(M26:M46) -> 4174000
L48: =L47-M47 -> 5981000
B49: TANGGAL | C49: NO. POL | D49: DRIVER | E49: MERK KEDELAI | F49: PENERIMA | G49: BERAT (kg) | H49: ONGKOSAN | I49: KET | J49: SAKU SOPIR | K49: KET | L49: SETORAN | M49: KERUSAKAN
B50: 45138 | C50: B 9705 FYV | D50: Pak Yoyok | M50: 135000
B51: 45139 | C51: B 9705 FYV | D51: Pak Yoyok | E51: Panah | F51: P Ramin ngawi | G51: 8500 | H51: 1450000 | I51: Cash | J51: 900000 | K51: Cash | L51: =H51-J51 -> 550000 | M51: 0
B52: 45140 | C52: B 9705 FYV | D52: Pak Yoyok | E52: Hiu | F52: Bu kasmi madiun | G52: 9000 | H52: 1350000 | I52: TF | J52: 800000 | K52: Cash | L52: =H52-J52 -> 550000 | M52: 0
B53: 45141 | C53: B 9705 FYV | D53: Pak Yoyok | M53: 550000
B54: 45142 | C54: B 9705 FYV | D54: Pak Yoyok | E54: Jempol Sip | F54: Abah Slamet | G54: 9000 | H54: 1215000 | I54: TF | J54: 700000 | K54: Cash | L54: =H54-J54 -> 515000
B55: 45142 | C55: B 9705 FYV | D55: Pak Yoyok | E55: Lotus | F55: Toko Bumi berkah | G55: 9000 | H55: 675000 | I55: Cash | J55: 350000 | K55: Cash | L55: =H55-J55 -> 325000 | M55: 0
B56: 45143 | C56: B 9705 FYV | D56: Pak Yoyok | E56: Lotus | F56: Toko Bumi berkah | G56: 8500 | H56: 675000 | I56: Cash | J56: 350000 | K56: Cash | L56: =H56-J56 -> 325000 | M56: 0
B57: 45146 | C57: B 9705 FYV | D57: Pak Yoyok | E57: Soyabean | F57: Bu Astutik | G57: 9000 | H57: 1035000 | I57: Cash | J57: 600000 | K57: Cash | L57: =H57-J57 -> 435000 | M57: 0
B58: 45147 | C58: B 9705 FYV | D58: Pak Yoyok | E58: Prama | F58: P Ramin ngawi | G58: 10000 | H58: 1450000 | I58: Cash | J58: 900000 | K58: Cash | L58: =H58-J58 -> 550000 | M58: 190000
B59: 45148 | C59: B 9705 FYV | D59: Pak Yoyok | E59: Panah | F59: Bu kasmi madiun | G59: 9000 | H59: 1350000 | I59: TF | J59: 800000 | K59: Cash | L59: =H59-J59 -> 550000 | M59: 0
B60: 45149 | C60: B 9705 FYV | D60: Pak Yoyok | M60: 50000
B61: 45150 | C61: B 9705 FYV | D61: Pak Yoyok | E61: Lotus | F61: Toko Bumi berkah | G61: 8500 | H61: 675000 | I61: Cash | J61: 350000 | K61: Cash | L61: =H61-J61 -> 325000 | M61: 0
B62: 45152 | C62: B 9705 FYV | D62: Pak Yoyok | E62: Lotus | F62: Toko Bumi berkah | G62: 9000 | H62: 675000 | I62: Cash | J62: 350000 | K62: Cash | L62: =H62-J62 -> 325000 | M62: 0
B63: 45153 | C63: B 9705 FYV | D63: Pak Yoyok | E63: Hiu | F63: Bu kasmi madiun | G63: 9000 | H63: 1350000 | I63: TF | J63: 800000 | K63: Cash | L63: =H63-J63 -> 550000 | M63: 0
B64: 45154 | C64: B 9705 FYV | D64: Pak Yoyok | E64: Lotus | F64: Abah Slamet | G64: 9000 | H64: 1215000 | I64: TF | J64: 700000 | K64: Cash | L64: =H64-J64 -> 515000 | M64: 120000
B65: 45156 | C65: B 9705 FYV | D65: Pak Yoyok | E65: Hiu | F65: Bu kasmi madiun | G65: 9000 | H65: 1350000 | I65: TF | J65: 800000 | K65: Cash | L65: =H65-J65 -> 550000 | M65: 500000
B66: 45157 | C66: B 9705 FYV | D66: Pak Yoyok | E66: Lotus | F66: Abah Slamet | G66: 9000 | H66: 1215000 | I66: TF | J66: 700000 | K66: Cash | L66: =H66-J66 -> 515000 | M66: 0
B67: 45159 | C67: B 9705 FYV | D67: Pak Yoyok | E67: Lotus | F67: P Arik ngawi | G67: 9000 | H67: 1400000 | I67: Cash | J67: 900000 | K67: Cash | L67: =H67-J67 -> 500000 | M67: 0
B68: 45160 | C68: B 9705 FYV | D68: Pak Yoyok | E68: Lotus | F68: P Ramin ngawi | G68: 9000 | H68: 1450000 | I68: Cash | J68: 900000 | K68: Cash | L68: =H68-J68 -> 550000 | M68: 360000
B69: 45161 | C69: B 9705 FYV | D69: Pak Yoyok | E69: Lotus | F69: P Iwan bojonegoro | G69: 9000 | H69: 1080000 | I69: Cash | J69: 640000 | K69: Cash | L69: =H69-J69 -> 440000 | M69: 0
B70: 45162 | C70: B 9705 FYV | D70: Pak Yoyok | E70: Panah | F70: P Jamil | G70: 9000 | H70: 1400000 | I70: Cash | J70: 900000 | K70: Cash | L70: =H70-J70 -> 500000 | M70: 0
B71: 45163 | C71: B 9705 FYV | D71: Pak Yoyok | M71: 535000
B72: 45166 | C72: B 9705 FYV | D72: Pak Yoyok | M72: 244000
B73: 45167 | C73: B 9705 FYV | D73: Pak Yoyok | E73: Hiu | F73: Bu kasmi madiun | G73: 9000 | H73: 1350000 | I73: TF | J73: 800000 | K73: Cash | L73: =H73-J73 -> 550000 | M73: 0
B74: 45168 | C74: B 9705 FYV | D74: Pak Yoyok | E74: Lotus | F74: Bu prapti nganjuk | G74: 9000 | H74: 1200000 | I74: Cash | J74: 640000 | K74: Cash | L74: =H74-J74 -> 560000 | M74: 0
B75: 45169 | C75: B 9705 FYV | D75: Pak Yoyok | E75: Panah | F75: Bu kasmi madiun | G75: 9000 | H75: 1350000 | I75: TF | J75: 800000 | K75: Cash | L75: =H75-J75 -> 550000 | M75: 0
L76: =SUM(L51:L75) -> 10230000 | M76: =SUM(M50:M75) -> 2684000
L77: =L76-M76 -> 7546000
B78: TANGGAL | C78: NO. POL | D78: DRIVER | E78: MERK KEDELAI | F78: PENERIMA | G78: BERAT (kg) | H78: ONGKOSAN | I78: KET | J78: SAKU SOPIR | K78: KET | L78: SETORAN | M78: KERUSAKAN
B79: 45170 | C79: B 9705 FYV | D79: Pak Yoyok | E79: Lotus | F79: P Saiku malang | G79: 8500 | H79: 1225000 | I79: TF | J79: 700000 | K79: Cash | L79: =H79-J79 -> 525000 | M79: 0
B80: 45174 | C80: B 9705 FYV | D80: Pak Yoyok | E80: Lotus | F80: P Ramin ngawi | G80: 9000 | H80: 1450000 | I80: Cash | J80: 900000 | K80: Cash | L80: =H80-J80 -> 550000 | M80: 30000
B81: 45175 | C81: B 9705 FYV | D81: Pak Yoyok | E81: Hiu | F81: Bu kasmi | G81: 9000 | H81: 1350000 | I81: TF | J81: 800000 | K81: Cash | L81: =H81-J81 -> 550000 | M81: 0
B82: 45178 | C82: B 9705 FYV | D82: Pak Yoyok | E82: Lotus | F82: P Iwan | G82: 9000 | H82: 1080000 | I82: Cash | J82: 640000 | K82: Cash | L82: =H82-J82 -> 440000 | M82: 0
B83: 45179 | C83: B 9705 FYV | D83: Pak Yoyok | M83: 820000
B84: 45180 | C84: B 9705 FYV | D84: Pak Yoyok | M84: 19000
B85: 45181 | C85: B 9705 FYV | D85: Pak Yoyok | M85: 450000
B86: 45182 | C86: B 9705 FYV | D86: Pak Yoyok | E86: Hiu | F86: Bu kasmi | G86: 9000 | H86: 1350000 | I86: TF | J86: 800000 | K86: Cash | L86: =H86-J86 -> 550000 | M86: 700000
B87: 45183 | C87: B 9705 FYV | D87: Pak Yoyok | E87: Lotus | F87: Abah slamet | G87: 9000 | H87: 1215000 | I87: TF | J87: 700000 | K87: Cash | L87: =H87-J87 -> 515000 | M87: 0
B88: 45184 | C88: B 9705 FYV | D88: Pak Yoyok | E88: Lotus | F88: Abah yudi burno | G88: 9000 | H88: 900000 | I88: Cash | J88: 500000 | K88: Cash | L88: =H88-J88 -> 400000 | M88: 0
B89: 45185 | C89: B 9705 FYV | D89: Pak Yoyok | E89: Lotus | F89: Abah mif | G89: 9000 | H89: 720000 | I89: TF | J89: 350000 | K89: Cash | L89: =H89-J89 -> 370000 | M89: 0
B90: 45185 | C90: B 9705 FYV | D90: Pak Yoyok | E90: Lotus | F90: Toko bumi berkah | G90: 9000 | H90: 675000 | I90: Cash | J90: 350000 | K90: Cash | L90: =H90-J90 -> 325000 | M90: 0
B91: 45188 | C91: B 9705 FYV | D91: Pak Yoyok | E91: Lotus | F91: P Ramin ngawi | G91: 9000 | H91: 1450000 | I91: Cash | J91: 900000 | K91: Cash | L91: =H91-J91 -> 550000 | M91: 0
B92: 45189 | C92: B 9705 FYV | D92: Pak Yoyok | E92: Hiu | F92: Bu kasmi | G92: 9000 | H92: 1350000 | I92: TF | J92: 800000 | K92: Cash | L92: =H92-J92 -> 550000 | M92: 0
B93: 45190 | C93: B 9705 FYV | D93: Pak Yoyok | E93: Lotus | F93: P Iwan | G93: 9000 | H93: 1080000 | I93: Cash | J93: 640000 | K93: Cash | L93: =H93-J93 -> 440000 | M93: 0
B94: 45191 | C94: B 9705 FYV | D94: Pak Yoyok | E94: Lotus | F94: Toko bumi berkah | G94: 9000 | H94: 675000 | I94: Cash | J94: 350000 | K94: Cash | L94: =H94-J94 -> 325000 | M94: 0
B95: 45194 | C95: B 9705 FYV | D95: Pak Yoyok | E95: Lotus | F95: Abah mif | G95: 9000 | H95: 820000 | I95: TF | J95: 350000 | K95: Cash | L95: =H95-J95 -> 470000 | M95: 0
B96: 45195 | C96: B 9705 FYV | D96: Pak Yoyok | E96: Hiu | F96: Bu kasmi | G96: 9000 | H96: 1350000 | I96: TF | J96: 800000 | K96: Cash | L96: =H96-J96 -> 550000 | M96: 0
B97: 45196 | C97: B 9705 FYV | D97: Pak Yoyok | E97: Lotus | F97: Toko bumi berkah | G97: 8500 | H97: 675000 | I97: Cash | J97: 350000 | K97: Cash | L97: =H97-J97 -> 325000 | M97: 0
... B100: 45199 | C100: B 9705 FYV | D100: Pak Yoyok | E100: Lotus | F100: Toko bumi berkah | G100: 9000 | H100: 675000 | I100: Cash | J100: 350000 | K100: Cash | L100: =H100-J100 -> 325000 | M100: 0
L101: =SUM(L79:L99) -> 8310000 | M101: =SUM(M79:M99) -> 2019000
L102: =L101-M101 -> 6291000
B103: TANGGAL | C103: NO. POL | D103: DRIVER | E103: MERK KEDELAI | F103: PENERIMA | G103: BERAT (kg) | H103: ONGKOSAN | I103: KET | J103: SAKU SOPIR | K103: KET | L103: SETORAN | M103: KERUSAKAN
...

Sheet P IRVAN (W9366PA)
B1: TANGGAL | C1: NO. POL | D1: DRIVER | E1: MERK KEDELAI | F1: PENERIMA | G1: BERAT (kg) | H1: ONGKOSAN | J1: SAKU SOPIR | L1: SETORAN | M1: KERUSAKAN
B2: 45079 | C2: S 9013 UJ | D2: DIKI | E2: HIU | F2: BU KASMI MADIUN | G2: 9000 | H2: 1350000 | J2: 800000 | L2: =H2-J2 -> 550000 | M2: 357500
B3: 45080 | C3: S 9013 UJ | D3: DIKI | E3: JEMPOL SIP | F3: PAK SLAMET TOBO | G3: 9000 | H3: 1215000 | J3: 700000 | L3: =H3-J3 -> 515000
B4: 45082 | C4: S 9013 UJ | D4: DIKI | E4: JEMPOL SIP | F4: PAK RAMIN NGAWI | G4: 9000 | H4: 1450000 | J4: 900000 | L4: =H4-J4 -> 550000
B5: 45084 | C5: S 9013 UJ | D5: DIKI | E5: LOTUS | F5: PAK RAMIN NGAWI | G5: 9000 | H5: 1450000 | J5: 900000 | L5: =H5-J5 -> 550000 | M5: 109000
B6: 45085 | C6: S 9013 UJ | D6: DIKI | E6: LOTUS | F6: PAK SLAMET TOBO | G6: 9000 | H6: 1215000 | J6: 700000 | L6: =H6-J6 -> 515000 | M6: 1425000
B7: 45086 | C7: S 9013 UJ | D7: DIKI | E7: JEMPOL SIP | F7: ABAH KOHAR | G7: 9000 | H7: 975000 | J7: 500000 | L7: =H7-J7 -> 475000
B8: 45087 | C8: S 9013 UJ | D8: DIKI | E8: HIU | F8: BU KASMI MADIUN | G8: 9000 | H8: 1350000 | J8: 800000 | L8: =H8-J8 -> 550000
B9: 45089 | C9: S 9013 UJ | D9: DIKI | E9: PANAH | F9: PAK JAMIL NGAWI | G9: 9000 | H9: 1400000 | J9: 900000 | L9: =H9-J9 -> 500000 | M9: 353000
B10: 45090 | C10: S 9013 UJ | D10: DIKI | E10: LOTUS | F10: PAK RAMIN NGAWI | G10: 9000 | H10: 1450000 | J10: 900000 | L10: =H10-J10 -> 550000 | M10: 635000
B11: 45091 | C11: S 9013 UJ | D11: DIKI | E11: PANAH | F11: PAK RAMIN NGAWI | G11: 9000 | H11: 1450000 | J11: 900000 | L11: =H11-J11 -> 550000
B12: 45092 | C12: S 9013 UJ | D12: DIKI | E12: PANAH | F12: BU KASMI MADIUN | G12: 9000 | H12: 1350000 | J12: 800000 | L12: =H12-J12 -> 550000
B13: 45094 | C13: S 9013 UJ | D13: DIKI | E13: PANAH | F13: ABAH PRANOTO | G13: 8500 | H13: 1300000 | J13: 850000 | L13: =H13-J13 -> 450000
B14: 45096 | C14: S 9013 UJ | D14: DIKI | E14: LOTUS | F14: PAK RAMIN NGAWI | G14: 9000 | H14: 1450000 | J14: 900000 | L14: =H14-J14 -> 550000 | M14: 415000
B15: 45097 | C15: S 9013 UJ | D15: DIKI | E15: PANAH | F15: MAS ARIK | G15: 9000 | H15: 1400000 | J15: 900000 | L15: =H15-J15 -> 500000
B16: 45097 | C16: S 9013 UJ | D16: DIKI | E16: LOTUS | F16: KOPTI GIRI GRESIK | G16: 9000 | H16: 720000 | J16: 350000 | L16: =H16-J16 -> 370000
B17: 45098 | C17: S 9013 UJ | D17: DIKI | E17: PANAH | F17: BU KASMI MADIUN | G17: 9000 | H17: 1350000 | J17: 800000 | L17: =H17-J17 -> 550000
B18: 45099 | C18: S 9013 UJ | D18: DIKI | E18: PANAH | F18: PAK JAMIL NGAWI | G18: 9000 | H18: 1400000 | J18: 900000 | L18: =H18-J18 -> 500000 | M18: 3176000
B19: 45100 | C19: S 9013 UJ | D19: DIKI | E19: LOTUS | F19: PAK RAMIN NGAWI | G19: 9000 | H19: 1450000 | J19: 900000 | L19: =H19-J19 -> 550000 | M19: 150000
B20: 45104 | C20: S 9013 UJ | D20: DIKI | E20: LOTUS | F20: PAK SLAMET TOBO | G20: 9000 | H20: 1215000 | J20: 700000 | L20: =H20-J20 -> 515000 | M20: 1407000
B21: 45105 | C21: S 9013 UJ | D21: DIKI | E21: PANAH | F21: BU YATINI | G21: 9000 | H21: 1400000 | J21: 900000 | L21: =H21-J21 -> 500000
L22: =SUM(L1:L20) -> 9840000 | M22: =SUM(M1:M20) -> 8027500
L23: =L22-M22 -> 1812500
B25: TANGGAL | C25: NO. POL | D25: DRIVER | E25: MERK KEDELAI | F25: PENERIMA | G25: BERAT (kg) | H25: ONGKOSAN | J25: SAKU SOPIR | L25: SETORAN | M25: KERUSAKAN
B26: 45111 | C26: S 9013 UJ | D26: Mas Diky | E26: Lotus | F26: Kopti Wahyu Satria Malang | G26: 8500 | H26: 1100000 | J26: 640000 | L26: =H26-J26 -> 460000
B27: 45112 | C27: S 9013 UJ | D27: Mas Diky | E27: Lotus | F27: Pak Herwanto Jombang Sumobito | G27: 9000 | H27: 810000 | J27: 500000 | L27: =H27-J27 -> 310000
B28: 45113 | L28: =H28-J28 -> 0 | M28: 1319000
B29: 45114 | L29: =H29-J29 -> 0 | M29: 12700000
B30: 45115 | C30: S 9013 UJ | D30: Mas Diky | E30: Hiu | F30: Mbak Nur Kopti Mojokerto | G30: 9000 | H30: 765000 | J30: 450000 | L30: =H30-J30 -> 315000
B31: 45118 | C31: S 9013 UJ | D31: Mas Diky | E31: Panah biru | F31: Abah kohar bojonegoro | G31: 9000 | H31: 975000 | J31: 500000 | L31: =H31-J31 -> 475000 | M31: 1550000
B32: 45119 | C32: S 9013 UJ | D32: Mas Diky | E32: Panah biru | F32: bu kasmi madiun | G32: 9000 | H32: 1350000 | J32: 800000 | L32: =H32-J32 -> 550000
B33: 45120 | C33: S 9013 UJ | D33: Mas Diky | E33: Panah biru | F33: Pak jamil | G33: 9000 | H33: 1400000 | J33: 900000 | L33: =H33-J33 -> 500000
B34: 45121 | C34: S 9013 UJ | D34: Mas Diky | E34: Hiu | F34: bu kasmi madiun | G34: 9000 | H34: 1350000 | J34: 800000 | L34: =H34-J34 -> 550000
B35: 45122 | C35: S 9013 UJ | D35: Mas Diky | E35: Lotus | F35: Bu iin sepanjang | G35: 9000 | H35: 675000 | J35: 375000 | L35: =H35-J35 -> 300000
B36: 45127 | C36: S 9013 UJ | D36: Mas Diky | E36: Hiu | F36: bu kasmi madiun | G36: 9000 | H36: 1350000 | J36: 800000 | L36: =H36-J36 -> 550000
B37: 45128 | C37: S 9013 UJ | D37: Mas Diky | E37: Lotus | F37: Pak slamet | G37: 9000 | H37: 1215000 | J37: 700000 | L37: =H37-J37 -> 515000
B38: 45129 | C38: S 9013 UJ | D38: Mas Diky | E38: Lotus | F38: Pak slamet | G38: 9000 | H38: 1215000 | J38: 700000 | L38: =H38-J38 -> 515000 | M38: 981000
B39: 45131 | C39: S 9013 UJ | D39: Mas Diky | E39: Lotus | F39: Bu prapti nganjuk | G39: 9000 | H39: 1200000 | J39: 640000 | L39: =H39-J39 -> 560000
B40: 45132 | C40: S 9013 UJ | D40: Mas Diky | E40: Panah biru | F40: bu kasmi madiun | G40: 9000 | H40: 1350000 | J40: 800000 | L40: =H40-J40 -> 550000
B41: 45133 | C41: S 9013 UJ | D41: Mas Diky | L41: =H41-J41 -> 0 | M41: 387000
B42: 45134 | C42: S 9013 UJ | D42: Mas Diky | E42: Lotus | F42: Bu astutik bojonegoro | G42: 9000 | H42: 990000 | J42: 550000 | L42: =H42-J42 -> 440000
B43: 45135 | C43: S 9013 UJ | D43: Mas Diky | E43: Lotus | F43: Bu astutik bojonegoro | G43: 9000 | H43: 990000 | J43: 550000 | L43: =H43-J43 -> 440000
B44: 45136 | C44: S 9013 UJ | D44: Mas Diky | E44: Lotus | F44: P Ramin ngawi | G44: 9000 | H44: 1450000 | J44: 900000 | L44: =H44-J44 -> 550000
B45: 45138 | C45: S 9013 UJ | D45: Mas Diky | E45: Jempol Sip | F45: P Iwan Bojonegoro | G45: 9000 | H45: 1080000 | J45: 640000 | L45: =H45-J45 -> 440000
L46: =SUM(L26:L45) -> 8020000 | M46: =SUM(M26:M45) -> 16937000
L47: =L46-M46 -> -8917000
B49: TANGGAL | C49: NO. POL | D49: DRIVER | E49: MERK KEDELAI | F49: PENERIMA | G49: BERAT (kg) | H49: ONGKOSAN | I49: KET | J49: SAKU SOPIR | K49: KET | L49: SETORAN | M49: KERUSAKAN
B50: 45139 | C50: S 9013 UJ | D50: Mas Diki | E50: Lotus | F50: Abah Slamet | G50: 9000 | H50: 1215000 | I50: TF | J50: 700000 | K50: Cash | L50: =H50-J50 -> 515000 | M50: 204000
B51: 45140 | C51: S 9013 UJ | D51: Mas Diki | E51: Panah | F51: Bu Kasmi madiun | G51: 9000 | H51: 1350000 | I51: TF | J51: 800000 | K51: Cash | L51: =H51-J51 -> 550000 | M51: 0
B52: 45141 | C52: S 9013 UJ | D52: Mas Diki | E52: - | H52: =F52-G52 -> 0 | J52: =G52-H52 -> 0 | L52: =H52-J52 -> 0 | M52: 285000
B53: 45142 | C53: S 9013 UJ | D53: Mas Diki | E53: - | H53: =F53-G53 -> 0 | J53: =G53-H53 -> 0 | L53: =H53-J53 -> 0 | M53: 65000
B54: 45143 | C54: S 9013 UJ | D54: Mas Diki | E54: - | H54: =F54-G54 -> 0 | J54: =G54-H54 -> 0 | L54: =H54-J54 -> 0 | M54: 150000
B55: 45145 | C55: S 9013 UJ | D55: Mas Diki | E55: - | H55: =F55-G55 -> 0 | J55: =G55-H55 -> 0 | L55: =H55-J55 -> 0 | M55: 10000
B56: 45146 | C56: S 9013 UJ | D56: Mas Diki | E56: Jempol Sip | F56: Abah Slamet | G56: 9000 | H56: 1215000 | I56: TF | J56: 700000 | K56: Cash | L56: =H56-J56 -> 515000 | M56: 50000
B57: 45147 | C57: S 9013 UJ | D57: Mas Diki | E57: Panah | F57: Pak Jamil ngawi | G57: 9000 | H57: 1400000 | I57: Cash | J57: 900000 | K57: Cash | L57: =H57-J57 -> 500000 | M57: 0
B58: 45149 | C58: S 9013 UJ | D58: Mas Diki | E58: Panah | F58: Pak iwan bojonegoro | G58: 9000 | H58: 1080000 | I58: Cash | J58: 640000 | K58: Cash | L58: =H58-J58 -> 440000 | M58: 0
B59: 45150 | C59: S 9013 UJ | D59: Mas Diki | E59: Lotus | F59: Abah Slamet | G59: 7500 | H59: 1215000 | I59: TF | J59: 700000 | K59: Cash | L59: =H59-J59 -> 515000 | M59: 0
B60: 45151 | C60: S 9013 UJ | D60: Mas Diki | M60: 75000
B61: 45152 | C61: S 9013 UJ | D61: Mas Diki | E61: Lotus | F61: Pak Ramin ngawi | G61: 9000 | H61: 1450000 | I61: Cash | J61: 900000 | K61: Cash | L61: =H61-J61 -> 550000 | M61: 0
B62: 45153 | C62: S 9013 UJ | D62: Mas Diki | E62: Lotus | F62: Pak herwanto jombang | G62: 9000 | H62: 810000 | I62: TF | J62: 500000 | K62: Cash | L62: =H62-J62 -> 310000 | M62: 0
B63: 45154 | C63: S 9013 UJ | D63: Mas Diki | E63: Lotus | F63: Abah mif Kopti giri jaya | G63: 9000 | H63: 820000 | I63: TF | J63: 350000 | K63: Cash | L63: =H63-J63 -> 470000 | M63: 0
B64: 45156 | C64: S 9013 UJ | D64: Mas Diki | E64: Lotus | F64: Bu prapti | G64: 9000 | H64: 1200000 | I64: Cash | J64: 640000 | K64: Cash | L64: =H64-J64 -> 560000 | M64: 150000
B65: 45157 | C65: S 9013 UJ | D65: Mas Diki | E65: Lotus | F65: P Ramin ngawi | G65: 9000 | H65: 1450000 | I65: Cash | J65: 900000 | K65: Cash | L65: =H65-J65 -> 550000 | M65: 0
B66: 45159 | C66: S 9013 UJ | D66: Mas Diki | E66: Panah | F66: Bu Kasmi madiun | G66: 9000 | H66: 1350000 | I66: TF | J66: 800000 | K66: Cash | L66: =H66-J66 -> 550000 | M66: 0
B67: 45160 | C67: S 9013 UJ | D67: Mas Diki | E67: Hiu | F67: Bu Kasmi madiun | G67: 9000 | H67: 1350000 | I67: TF | J67: 800000 | K67: Cash | L67: =H67-J67 -> 550000 | M67: 50000
B68: 45161 | C68: S 9013 UJ | D68: Mas Diki | M68: 50000
B69: 45163 | C69: S 9013 UJ | D69: Mas Diki | E69: Panah | F69: Bu Kasmi madiun | G69: 9000 | H69: 1350000 | I69: TF | J69: 800000 | K69: Cash | L69: =H69-J69 -> 550000 | M69: 0
B70: 45167 | C70: S 9013 UJ | D70: Mas Diki | E70: Panah | F70: Kopti wahyu satria malang | G70: 8500 | H70: 1100000 | I70: Cash | J70: 640000 | K70: Cash | L70: =H70-J70 -> 460000 | M70: 0
B71: 45168 | C71: S 9013 UJ | D71: Mas Diki | E71: Panah | F71: P Ramin ngawi | G71: 9000 | H71: 1450000 | I71: Cash | J71: 900000 | K71: Cash | L71: =H71-J71 -> 550000 | M71: 0
B72: 45169 | C72: S 9013 UJ | D72: Mas Diki | E72: SB | F72: Bu astutik | G72: 9000 | H72: 1035000 | I72: Cash | J72: 600000 | K72: Cash | L72: =H72-J72 -> 435000 | M72: 0
L73: =SUM(L50:L72) -> 8570000 | M73: =SUM(M50:M72) -> 1089000
L74: =L73-M73 -> 7481000
B76: TANGGAL | C76: NO. POL | D76: DRIVER | E76: MERK KEDELAI | F76: PENERIMA | G76: BERAT (kg) | H76: ONGKOSAN | I76: KET | J76: SAKU SOPIR | K76: KET | L76: SETORAN | M76: KERUSAKAN
B77: 45170 | C77: S 9013 UJ | D77: Mas Diki | E77: Lotus | F77: Abah mif kopti giri jaya | G77: 9000 | H77: 720000 | I77: TF | J77: 350000 | K77: Cash | L77: =H77-J77 -> 370000 | M77: 85000
B78: 45173 | C78: S 9013 UJ | D78: Mas Diki | E78: Hiu | F78: Bu kasmi | G78: 9000 | H78: 1350000 | I78: TF | J78: 800000 | K78: Cash | L78: =H78-J78 -> 550000 | M78: 0
B79: 45174 | C79: S 9013 UJ | D79: Mas Diki | E79: Panah | F79: Pak ramin ngawi | G79: 9000 | H79: 1450000 | I79: TF | J79: 900000 | K79: TF | L79: =H79-J79 -> 550000 | M79: 0
B80: 45178 | C80: S 9013 UJ | D80: Mas Diki | E80: Jempol sip | F80: Bu astutik Kota | G80: 9000 | H80: 1125000 | I80: TF | J80: 640000 | K80: TF | L80: =H80-J80 -> 485000 | M80: 0
B81: 45180 | C81: S 9013 UJ | D81: Mas Diki | E81: Pakan | F81: Jombang | G81: 10000 | H81: 1000000 | I81: TF | J81: 550000 | K81: TF | L81: =H81-J81 -> 450000 | M81: 0
B82: 45182 | C82: S 9013 UJ | D82: Mas Diki | E82: Hiu | F82: Bu kasmi | G82: 9000 | H82: 1350000 | I82: TF | J82: 800000 | K82: TF | L82: =H82-J82 -> 550000 | M82: 0
B83: 45183 | C83: S 9013 UJ | D83: Mas Diki | E83: Lotus | F83: Abah slamet | G83: 9000 | H83: 1215000 | I83: TF | J83: 700000 | K83: TF | L83: =H83-J83 -> 515000 | M83: 440000
B84: 45184 | C84: S 9013 UJ | D84: Mas Diki | E84: Lotus | F84: P Saiku malang | G84: 8500 | H84: 1230000 | I84: TF | J84: 700000 | K84: Cash | L84: =H84-J84 -> 530000 | M84: 0
B85: 45185 | C85: S 9013 UJ | D85: Mas Diki | E85: Hiu | F85: Bu kasmi | G85: 9000 | H85: 1350000 | I85: TF | J85: 800000 | K85: Cash | L85: =H85-J85 -> 550000 | M85: 0
B86: 45187 | C86: S 9013 UJ | D86: Mas Diki | M86: 675000
B87: 45188 | C87: S 9013 UJ | D87: Mas Diki | E87: Lotus | F87: P Ramin ngawi | G87: 9000 | H87: 1450000 | I87: Cash | J87: 900000 | K87: Cash | L87: =H87-J87 -> 550000 | M87: 0
B88: 45189 | C88: S 9013 UJ | D88: Mas Diki | E88: Hiu | F88: Bu kasmi | G88: 9000 | H88: 1350000 | I88: TF | J88: 800000 | K88: Cash | L88: =H88-J88 -> 550000 | M88: 0
B89: 45190 | C89: S 9013 UJ | D89: Mas Diki | M89: 50000
B90: 45192 | C90: S 9013 UJ | D90: Mas Diki | E90: Lotus | F90: P Saiku malang | G90: 8500 | H90: 1230000 | I90: TF | J90: 700000 | K90: Cash | L90: =H90-J90 -> 530000 | M90: 0
B91: 45194 | C91: S 9013 UJ | D91: Mas Diki | E91: Lotus | F91: Abah slamet | G91: 9000 | H91: 1215000 | I91: TF | J91: 700000 | K91: Cash | L91: =H91-J91 -> 515000 | M91: 0
B92: 45195 | C92: S 9013 UJ | D92: Mas Diki | E92: Hiu | F92: Bu kasmi | G92: 9000 | H92: 1350000 | I92: TF | J92: 800000 | K92: Cash | L92: =H92-J92 -> 550000 | M92: 0
B93: 45196 | C93: S 9013 UJ | D93: Mas Diki | E93: Lotus | F93: Bu prapti | G93: 9000 | H93: 1200000 | I93: Cash | J93: 640000 | K93: Cash | L93: =H93-J93 -> 560000 | M93: 0
B94: 45197 | C94: S 9013 UJ | D94: Mas Diki | M94: 234000
B95: 45198 | C95: S 9013 UJ | D95: Mas Diki | E95: Hiu | F95: Bu kasmi | G95: 9000 | H95: 1350000 | I95: TF | J95: 800000 | K95: Cash | L95: =H95-J95 -> 550000 | M95: 0
B96: 45199 | C96: S 9013 UJ | D96: Mas Diki | E96: Lotus | F96: Abah mif kopti giri jaya | G96: 9000 | H96: 720000 | I96: TF | J96: 350000 | K96: Cash | L96: =H96-J96 -> 370000 | M96: 0
B97: 45199 | C97: S 9013 UJ | D97: Mas Diki | E97: Lotus | F97: Bu yatini | G97: 9000 | H97: 1400000 | I97: TF | J97: 900000 | K97: Cash | L97: =H97-J97 -> 500000 | M97: 0
L98: =SUM(L77:L97) -> 9225000 | M98: =SUM(M77:M93) -> 1250000
L99: =L98-M98 -> 7975000
B101: TANGGAL | C101: NO. POL | D101: DRIVER | E101: MERK KEDELAI | F101: PENERIMA | G101: BERAT (kg) | H101: ONGKOSAN | I101: KET | J101: SAKU SOPIR | K101: KET | L101: SETORAN | M101: KERUSAKAN
B102: 45201 | C102: S 9013 UJ | D102: Mas Diki | E102: Hiu | F102: Abah parnoto | G102: 8500 | H102: 1300000 | I102: Cash | J102: 850000 | K102: Cash | L102: =H102-J102 -> 450000 | M102: 0
B103: 45202 | C103: S 9013 UJ | D103: Mas Diki | E103: Panah | F103: Bu yatini ngawi | G103: 9000 | H103: 1400000 | I103: TF | J103: 900000 | K103: Cash | L103: =H103-J103 -> 500000 | M103: 0
B104: 45203 | D104: Mas Diki | L104: =H104-J104 -> 0 | M104: 65000
...

Sheet P ZAENAL (P9611GA)
B1: TANGGAL | C1: NO. POL | D1: DRIVER | E1: MERK KEDELAI | F1: PENERIMA | G1: BERAT (kg) | H1: ONGKOSAN | I1: KET | J1: SAKU SOPIR | K1: KET | L1: SETORAN | M1: KERUSAKAN
B2: 45555 | M2: 261000
B3: 45556 | C3: W 8882 DS | D3: Pak Rofiq | E3: Hiu | F3: Toko putra bumi berkah | G3: 9000 | H3: 675000 | I3: Cash | J3: 350000 | K3: Cash | L3: =H3-J3 -> 325000
B4: 45556 | C4: W 8882 DS | D4: Pak Rofiq | E4: Lotus | F4: Pak ramin ngawi | G4: 9000 | H4: 1440000 | I4: TF | J4: 900000 | K4: Cash | L4: =H4-J4 -> 540000 | M4: 150000
B5: 45558 | C5: W 8882 DS | D5: Pak Rofiq | E5: Hiu | F5: Bu kasmi madiun | G5: 10000 | H5: 1500000 | I5: TF | J5: 850000 | K5: Cash | L5: =H5-J5 -> 650000
B6: 45559 | C6: W 8882 DS | D6: Pak Rofiq | M6: 3259000
B7: 45561 | C7: W 8882 DS | D7: Pak Rofiq | E7: Pakan Ternak | F7: Jember | G7: 8000 | H7: 1500000 | I7: TF | J7: 900000 | K7: Cash | L7: =H7-J7 -> 600000 | M7: 200000
B8: 45562 | C8: W 8882 DS | D8: Pak Rofiq | E8: Panah | F8: Umik Nardi Malang | G8: 10000 | H8: 1500000 | I8: TF | J8: 750000 | K8: TF | L8: =H8-J8 -> 750000
B9: 45563 | C9: W 8882 DS | D9: Pak Rofiq | E9: Panah | F9: Bu kasmi madiun | G9: 10000 | H9: 1500000 | I9: TF | J9: 850000 | K9: TF | L9: =H9-J9 -> 650000
B10: 45565 | C10: W 8882 DS | D10: Pak Rofiq | E10: Lotus | F10: Mba Nur Mojokerto | G10: 9000 | H10: 765000 | I10: TF | J10: 450000 | K10: Cash | L10: =H10-J10 -> 315000
L11: =SUM(L3:L10) -> 3830000 | M11: =SUM(M2:M10) -> 3870000
L12: =L11-M11 -> -40000
B17: TANGGAL | C17: NO. POL | D17: DRIVER | E17: MERK KEDELAI | F17: PENERIMA | G17: BERAT (kg) | H17: ONGKOSAN | I17: KET | J17: SAKU SOPIR | K17: KET | L17: SETORAN | M17: KERUSAKAN
B18: 45566 | C18: W 8882 DS | D18: Pak Rofiq | E18: Lotus | F18: Abah slamet Bojonegoro | G18: 9000 | H18: 1215000 | I18: Cash | J18: 700000 | K18: Cash | L18: =H18-J18 -> 515000
B19: 45567 | C19: W 8882 DS | D19: Pak Rofiq | E19: Tulip | F19: Roni Toko Sederhana Malang | G19: 8500 | H19: 1200000 | I19: Cash | J19: 640000 | K19: Cash | L19: =H19-J19 -> 560000
B20: 45568 | C20: W 8882 DS | D20: Pak Rofiq | E20: Panah | F20: Pak Anwar Porong | G20: 8000 | H20: 800000 | I20: Cash | J20: 400000 | K20: Cash | L20: =H20-J20 -> 400000
B21: 45568 | C21: W 8882 DS | D21: Pak Rofiq | E21: Hiu | F21: Bu qusaimah pare | G21: 9000 | H21: 1100000 | I21: Cash | J21: 650000 | K21: Cash | L21: =H21-J21 -> 450000
B22: 45569 | C22: W 8882 DS | D22: Pak Rofiq | E22: Lotus | F22: Pak Yudi Bojonegoro | G22: 9000 | H22: 900000 | I22: Cash | J22: 500000 | K22: Cash | L22: =H22-J22 -> 400000
B23: 45570 | C23: W 8882 DS | D23: Pak Rofiq | E23: Panah | F23: Bu Tutik Bojonegoro | G23: 9000 | H23: 1125000 | I23: Cash | J23: 640000 | K23: Cash | L23: =H23-J23 -> 485000 | M23: 1400000
B24: 45574 | C24: W 8882 DS | D24: Pak Rofiq | E24: Tulip | F24: Roni Toko Sederhana Malang | G24: 8500 | H24: 1200000 | I24: Cash | J24: 640000 | K24: Cash | L24: =H24-J24 -> 560000 | M24: 325000
B25: 45575 | C25: W 8882 DS | D25: Pak Rofiq | E25: Panah | F25: BU Kasmi Madiun | G25: 10000 | H25: 1500000 | I25: TF | J25: 850000 | K25: Cash | L25: =H25-J25 -> 650000
B26: 45576 | C26: W 8882 DS | D26: Pak Rofiq | E26: Hiu | F26: Pak Yanto Porong | G26: 9000 | H26: 810000 | I26: TF | J26: 450000 | K26: TF | L26: =H26-J26 -> 360000
B27: 45577 | C27: W 8882 DS | D27: Pak Rofiq | E27: Panah | F27: Pak Rudi Sidoarjo | G27: 9000 | H27: 720000 | I27: Cash | J27: 400000 | K27: Cash | L27: =H27-J27 -> 320000
B28: 45581 | C28: W 8882 DS | D28: Pak Rofiq | E28: Lotus | F28: Pak ramin ngawi | G28: 10000 | H28: 1600000 | I28: TF | J28: 975000 | K28: Cash | L28: =H28-J28 -> 625000
B29: 45582 | C29: W 8882 DS | D29: Pak Rofiq | E29: Hiu | F29: Bu Kasmi Madiun | G29: 10000 | H29: 1500000 | I29: TF | J29: 850000 | K29: TF | L29: =H29-J29 -> 650000
B30: 45584 | C30: W 8882 DS | D30: Pak Rofiq | E30: Hiu | F30: Bu Kasmi Madiun | G30: 10000 | H30: 1500000 | I30: TF | J30: 850000 | K30: Cash | L30: =H30-J30 -> 650000
B31: 45586 | C31: W 8882 DS | D31: Pak Rofiq | E31: Tulip | F31: Roni Toko Sederhana Malang | G31: 8500 | H31: 1200000 | I31: Cash | J31: 640000 | K31: Cash | L31: =H31-J31 -> 560000
B32: 45587 | C32: W 8882 DS | D32: Pak Rofiq | E32: Hiu | F32: Toko Putra Bumi Berkah | G32: 9000 | H32: 675000 | I32: Cash | J32: 350000 | K32: Cash | L32: =H32-J32 -> 325000
B33: 45588 | C33: W 8882 DS | D33: Pak Rofiq | E33: Lotus | F33: Abah slamet Bojonegoro | G33: 9000 | H33: 1200000 | I33: TF | J33: 700000 | K33: Cash | L33: =H33-J33 -> 500000
B34: 45589 | C34: W 8882 DS | D34: Pak Rofiq | E34: BW | F34: Pak Ridwan Manyar | G34: 9000 | H34: 720000 | I34: Cash | J34: 350000 | K34: Cash | L34: =H34-J34 -> 370000
B35: 45590 | C35: W 8882 DS | D35: Pak Rofiq | E35: Hiu | F35: Bu prapti nganjuk | G35: 9000 | H35: 1200000 | I35: Cash | J35: 640000 | K35: Cash | L35: =H35-J35 -> 560000
B36: 45591 | C36: W 8882 DS | D36: Pak Rofiq | E36: Panah | F36: P Anwar Porong | G36: 6000 | H36: 600000 | I36: Cash | J36: 300000 | K36: Cash | L36: =H36-J36 -> 300000
B37: 45593 | C37: P 9611 GA | D37: Pak Rofiq | E37: Panah | F37: Abah Zakariya Jombang | G37: 10000 | H37: 1100000 | I37: TF | J37: 600000 | K37: Cash | L37: =H37-J37 -> 500000
B38: 45594 | C38: P 9611 GA | D38: Pak Rofiq | E38: Panah | F38: Bu iin sepanjang | G38: 10000 | H38: 750000 | I38: TF | J38: 425000 | K38: TF | L38: =H38-J38 -> 325000 | M38: 250000
B39: 45595 | C39: P 9611 GA | D39: Pak Rofiq | E39: BW (Tomat) | F39: Bu Tutik bojonegoro | G39: 9000 | H39: 1125000 | I39: Cash | J39: 640000 | K39: Cash | L39: =H39-J39 -> 485000 | M39: 30000
B40: 45596 | C40: P 9611 GA | D40: Pak Rofiq | E40: Jagung | F40: Pare | G40: 10000 | J40: 1035000 | K40: Cash | L40: =H40-J40 -> -1035000 | M40: 1050000
L41: =SUM(L18:L40) -> 9515000 | M41: =SUM(M18:M40) -> 3055000
L42: =L41-M41 -> 6460000
A44: NO | B44: TANGGAL | C44: NO. POL | D44: DRIVER | E44: MERK KEDELAI | F44: PENERIMA | G44: BERAT (kg) | H44: ONGKOSAN | I44: KET | J44: SAKU SOPIR | K44: KET | L44: SETORAN | M44: KERUSAKAN
A45: 1 | B45: 45600 | C45: P 9611 GA | D45: Pak Rofiq | E45: Panah | F45: BU Kasmi Madiun | G45: 10000 | H45: 1500000 | I45: TF | J45: 850000 | K45: Cash | L45: =H45-J45 -> 650000 | M45: 60000
A46: 2 | B46: 45601 | C46: P 9611 GA | D46: Pak Rofiq | E46: jempol sip | F46: Abah Rohmat kediri | G46: 9000 | H46: 1200000 | I46: Cash | J46: 690000 | K46: TF | L46: =H46-J46 -> 510000 | N46: bawa cash
A47: 3 | B47: 45602 | C47: P 9611 GA | D47: Pak Rofiq | E47: Hiu | F47: BU Kasmi Madiun | G47: 10000 | H47: 1500000 | I47: TF | J47: 850000 | K47: Cash | L47: =H47-J47 -> 650000
A48: 4 | B48: 45603 | C48: P 9611 GA | D48: Pak Rofiq | E48: Lotus | F48: Pak Saiku Malang | G48: 9000 | H48: 1305000 | I48: TF | J48: 725000 | K48: Cash | L48: =H48-J48 -> 580000
A49: 5 | B49: 45604 | C49: P 9611 GA | D49: Pak Rofiq | E49: Lotus | F49: Abah slamet Bojonegoro | G49: 9000 | H49: 1215000 | I49: TF | J49: 700000 | K49: Cash | L49: =H49-J49 -> 515000 | M49: 1670000
A50: 6 | B50: 45605 | C50: P 9611 GA | D50: Pak Rofiq | E50: Panah | F50: Abah Zakariya Jombang | G50: 10000 | H50: 1100000 | I50: TF | J50: 600000 | K50: TF | L50: =H50-J50 -> 500000
A51: 7 | B51: 45607 | C51: P 9611 GA | D51: Pak Rofiq | E51: Lotus | F51: Bu Iin Sepanjang | G51: 10000 | H51: 750000 | I51: TF | J51: 400000 | K51: Cash | L51: =H51-J51 -> 350000
A52: 8 | B52: 45608 | C52: P 9611 GA | D52: Pak Rofiq | E52: Lotus | F52: Pak Ramin Ngawi | G52: 10000 | H52: 1600000 | I52: TF | J52: 975000 | K52: Cash | L52: =H52-J52 -> 625000 | M52: 350000
A53: 9 | B53: 45610 | C53: P 9611 GA | D53: Pak Rofiq | E53: Panah | F53: Bu Tutik Kapas | G53: 9000 | H53: 1035000 | I53: cash | J53: 600000 | K53: Cash | L53: =H53-J53 -> 435000
A54: 10 | B54: 45611 | C54: P 9611 GA | D54: Pak Rofiq | E54: Menir FKS | F54: Demak Semarang | G54: 9000 | H54: 2520000 | I54: TF | J54: 1500000 | K54: Cash | L54: =H54-J54 -> 1020000 | M54: 400000
A55: 11 | B55: 45615 | C55: P 9611 GA | D55: Pak Rofiq | E55: jempol sip | F55: Pak Ramin Ngawi | G55: 10000 | H55: 1600000 | I55: TF | J55: 1025000 | K55: Cash | L55: =H55-J55 -> 575000 | M55: 45000
A56: 12 | B56: 45617 | C56: P 9611 GA | D56: Pak Rofiq | E56: Hiu | F56: Bu prapti nganjuk | G56: 9000 | H56: 1200000 | I56: Cash | J56: 640000 | K56: Cash | L56: =H56-J56 -> 560000
A57: 13 | B57: 45618 | C57: P 9611 GA | D57: Pak Rofiq | E57: jempol sip | F57: Toko Putra Bumi Berkah | G57: 9000 | H57: 675000 | I57: Cash | J57: 400000 | K57: Cash | L57: =H57-J57 -> 275000
A58: 14 | B58: 45619 | C58: P 9611 GA | D58: Pak Rofiq | E58: Hiu | F58: BU Kasmi Madiun | G58: 10000 | H58: 1500000 | I58: TF | J58: 850000 | K58: Cash | L58: =H58-J58 -> 650000
A59: 15 | B59: 45621 | C59: P 9611 GA | D59: Pak Rofiq | E59: Hiu | F59: Pak Yanto Porong | G59: 10000 | H59: 1000000 | I59: TF | J59: 500000 | K59: TF | L59: =H59-J59 -> 500000
A60: 16 | B60: 45622 | C60: P 9611 GA | D60: Pak Rofiq | E60: Jempol sip | F60: Toko Roni Sederhana Malang | G60: 9000 | H60: 1200000 | I60: Cash | J60: 690000 | K60: Cash | L60: =H60-J60 -> 510000
A61: 17 | B61: 45624 | C61: P 9611 GA | D61: Pak Rofiq | E61: Lotus | F61: Toko Putra Bumi Berkah | G61: 9000 | H61: 675000 | I61: Cash | J61: 350000 | K61: Cash | L61: =H61-J61 -> 325000
A62: 18 | B62: 45624 | C62: P 9611 GA | D62: Pak Rofiq | E62: Panah | F62: Bu Tutik Kota | G62: 9000 | H62: 1125000 | I62: Cash | J62: 640000 | K62: Cash | L62: =H62-J62 -> 485000
A63: 19 | B63: 45625 | C63: P 9611 GA | D63: Pak Rofiq | E63: Pelet Pakan | F63: Abah Muh Madura | G63: 9000 | H63: 1400000 | I63: tf | J63: 850000 | K63: Cash | L63: =H63-J63 -> 550000
A64: 20 | L64: =H64-J64 -> 0
L65: =SUM(L45:L64) -> 10265000 | M65: =SUM(M45:M64) -> 2525000
L66: =L65-M65 -> 7740000
A68: NO | B68: TANGGAL | C68: NO. POL | D68: DRIVER | E68: MERK KEDELAI | F68: PENERIMA | G68: BERAT (kg) | H68: ONGKOSAN | I68: KET | J68: SAKU SOPIR | K68: KET | L68: SETORAN | M68: KERUSAKAN
A69: 1 | B69: 45628 | C69: P 9611 GA | D69: Pak Rofiq | E69: Hiu | F69: Pak Sukem ngawi | G69: 10000 | H69: 1500000 | I69: TF | J69: 975000 | K69: Cash | L69: =H69-J69 -> 525000
A70: 2 | B70: 45629 | C70: P 9611 GA | D70: Pak Rofiq | E70: Tumpi Superbeen | F70: P Arif Blitar | G70: 5000 | H70: 1677525 | I70: TF | J70: 900000 | K70: Cash | L70: =H70-J70 -> 777525 | M70: 170000
A71: 3 | B71: 45630 | C71: P 9611 GA | D71: Pak Rofiq | E71: jempol sip | F71: Pak Ramin Ngawi | G71: 10000 | H71: 1600000 | I71: TF | J71: 1000000 | K71: TF | L71: =H71-J71 -> 600000
A72: 4 | B72: 45631 | C72: P 9611 GA | D72: Pak Rofiq | E72: Lotus | F72: Pak Saiku Malang | G72: 9000 | H72: 1305000 | I72: TF | J72: 725000 | K72: TF | L72: =H72-J72 -> 580000
A73: 5 | B73: 45632 | C73: P 9611 GA | D73: Pak Rofiq | E73: jempol sip | F73: Abah Pranoto Blitar | G73: 10000 | H73: 1000000 | I73: Cash | J73: 550000 | K73: Cash | L73: =H73-J73 -> 450000
A74: 6 | B74: 45633 | C74: P 9611 GA | D74: Pak Rofiq | E74: jempol sip | F74: Bu Iin Sepanjang | G74: 10000 | H74: 750000 | I74: TF | J74: 640000 | K74: Cash | L74: =H74-J74 -> 110000
A75: 7 | B75: 45635 | C75: P 9611 GA | D75: Pak Rofiq | E75: Tumpi Lotus | F75: Pak Arif Blitar | G75: 6766.5 | H75: 2029950 | I75: tf | J75: 900000 | K75: Cash | L75: =H75-J75 -> 1129950 | M75: 120000
A76: 8 | B76: 45636 | C76: P 9611 GA | D76: Pak Rofiq | E76: Jempol Sip (malang) | F76: Gudang Panah adm | G76: 10000 | H76: 1500000 | I76: tf | J76: 640000 | K76: TF | L76: =H76-J76 -> 860000
A77: 9 | B77: 45636 | C77: P 9611 GA | D77: Pak Rofiq | E77: Superbeen | F77: Bu Tutik Bojonegoro toko | G77: 9000 | H77: 1125000 | I77: Cash | J77: 640000 | K77: Cash | L77: =H77-J77 -> 485000
A78: 10 | B78: 45637 | C78: P 9611 GA | D78: Pak Rofiq | E78: Hiu | F78: Bu Kasmi Madiun | G78: 10000 | H78: 1500000 | I78: TF | J78: 850000 | K78: Cash + TF | L78: =H78-J78 -> 650000
A79: 11 | B79: 45638 | C79: P 9611 GA | D79: Pak Rofiq | E79: Lotus | F79: Bu Tutik Bojonegoro toko | G79: 9000 | H79: 1125000 | I79: Cash | J79: 640000 | K79: TF | L79: =H79-J79 -> 485000 | N79: kurang 240rb, 400rbnya sudah ditf
A80: 12 | B80: 45639 | C80: P 9611 GA | D80: Pak Rofiq | E80: Jempol Sip | F80: Pak Ramin Ngawi | G80: 10000 | H80: 1600000 | I80: tf | J80: =975000+25000 -> 1000000 | K80: tf | L80: =H80-J80 -> 600000
A81: 13 | B81: 45640 | C81: P 9611 GA | D81: Pak Rofiq | E81: Panah | F81: Abah Muh Madura | G81: 9000 | H81: 1400000 | I81: tf | J81: 850000 | K81: tf | L81: =H81-J81 -> 550000
A82: 14 | B82: 45642 | C82: P 9611 GA | D82: Pak Rofiq | E82: Jempol Sip | F82: Abah Zakariya | G82: 10000 | H82: 1100000 | I82: TF | J82: =550000+25000 -> 575000 | K82: tf | L82: =H82-J82 -> 525000
A83: 15 | B83: 45643 | C83: P 9611 GA | D83: Pak Rofiq | E83: Panah | F83: Abah Muh Madura | G83: 9000 | H83: 1400000 | I83: tf | J83: 850000 | K83: tf | L83: =H83-J83 -> 550000
A84: 16 | B84: 45644 | C84: P 9611 GA | D84: Pak Rofiq | E84: hiu | F84: Bu Tutik Bojonegoro kota (toko) | G84: 9000 | H84: 1125000 | I84: cash | J84: 640000 | K84: cash | L84: =H84-J84 -> 485000
A85: 17 | B85: 45645 | C85: P 9611 GA | D85: Pak Rofiq | E85: hiu | F85: Abah Maskur | G85: 9000 | H85: 700000 | I85: cash | J85: 400000 | K85: cash | L85: =H85-J85 -> 300000
A86: 18 | B86: 45645 | C86: P 9611 GA | D86: Pak Rofiq | E86: hiu | F86: Bu Iin Sepanjang | G86: 10000 | H86: 750000 | I86: tf | J86: 425000 | K86: cash | L86: =H86-J86 -> 325000 | M86: 70000
A87: 19 | B87: 45646 | C87: P 9611 GA | D87: Pak Rofiq | E87: pollard | F87: Bu Andin | G87: 8000 | H87: 1700000 | I87: tf | J87: 1050000 | K87: tf | L87: =H87-J87 -> 650000
A88: 20 | B88: 45649 | C88: P 9611 GA | D88: Pak Rofiq | E88: Jempol Sip (malang) | F88: gudang adm | G88: 10000 | H88: 1500000 | I88: tf | J88: 300000 | K88: cash | L88: =H88-J88 -> 1200000 | M88: 150000
A89: 21 | B89: 45650 | C89: P 9611 GA | D89: Pak Rofiq | E89: panah | F89: bu tutik bojonegoro kapas/pak agus | G89: 10000 | H89: 1150000 | I89: cash | J89: 650000 | K89: cash | L89: =H89-J89 -> 500000
A90: 22 | B90: 45652 | C90: P 9611 GA | D90: Pak Rofiq | E90: jempol sip | F90: Pak Ramin Ngawi | G90: 10000 | H90: 1600000 | I90: tf | J90: 1000000 | K90: tf | L90: =H90-J90 -> 600000
A91: 23 | B91: 45653 | C91: P 9611 GA | D91: Pak Rofiq | E91: bola | F91: pak anwar porong | G91: 10000 | H91: 1000000 | I91: cash | J91: 450000 | K91: cash | L91: =H91-J91 -> 550000 | M91: 60000
A92: 24 | B92: 45654 | C92: P 9611 GA | D92: Pak Rofiq | E92: prama | F92: pak ridwan manyar | G92: 10000 | H92: 800000 | I92: cash | J92: 375000 | K92: cash | L92: =H92-J92 -> 425000
A93: 25 | B93: 45654 | C93: P 9611 GA | D93: Pak Rofiq | E93: tulip | F93: Bu Iin Sepanjang | G93: 9000 | H93: 675000 | I93: tf | J93: 375000 | K93: cash | L93: =H93-J93 -> 300000
A94: 26 | B94: 45656 | C94: P 9611 GA | D94: Pak Rofiq | E94: hiu | F94: bu prati nganjuk | G94: 9000 | H94: 1200000 | I94: cash | J94: 640000 | K94: cash | L94: =H94-J94 -> 560000
A95: 27 | B95: 45657 | C95: P 9611 GA | D95: Pak Rofiq | E95: hiu | F95: Bu Kasmi Madiun | G95: 10000 | H95: 1500000 | I95: tf | J95: 850000 | K95: cash | L95: =H95-J95 -> 650000
L96: =SUM(L73:L95) -> 12939950 | M96: =SUM(M69:M95) -> 570000
L97: =L96-M96 -> 12369950
A99: NO | B99: TANGGAL | C99: NO. POL | D99: DRIVER | E99: MERK KEDELAI | F99: PENERIMA | G99: BERAT (kg) | H99: ONGKOSAN | I99: KET | J99: SAKU SOPIR | K99: KET | L99: SETORAN | M99: KERUSAKAN
A100: 1 | B100: 45659 | C100: P 9611 GA | D100: Pak Rofiq | E100: tulip | F100: Roni Sederhana Malang | G100: 8500 | H100: 1200000 | I100: tf | J100: 640000 | K100: cash | L100: =H100-J100 -> 560000
A101: 2 | B101: 45660 | C101: P 9611 GA | D101: Pak Rofiq | E101: jempol sip | F101: abah rohmat kediri | G101: 9000 | H101: 1200000 | I101: cash | J101: 715000 | K101: cash | L101: =H101-J101 -> 485000
A102: 3 | B102: 45661 | C102: P 9611 GA | D102: Pak Rofiq | E102: lotus + ragi 5 | F102: bu iin sepanjang | G102: 9000 | H102: 675000 | I102: tf | J102: 375000 | K102: cash | L102: =H102-J102 -> 300000
A103: 4 | B103: 45663 | C103: P 9611 GA | D103: Pak Rofiq | E103: jempol sip | F103: Abah slamet tobo | G103: 9000 | H103: 1215000 | I103: tf | J103: 700000 | K103: cash | L103: =H103-J103 -> 515000
A104: 5 | B104: 45664 | C104: P 9611 GA | D104: Pak Rofiq | E104: hiu | F104: bu kasmi madiun | G104: 10000 | H104: 1500000 | I104: tf | J104: 850000 | K104: cash | L104: =H104-J104 -> 650000
A105: 6 | B105: 45665 | C105: P 9611 GA | D105: Pak Rofiq | E105: lotus | F105: bu iin sepanjang | G105: 9000 | H105: 675000 | I105: tf | J105: 375000 | K105: tf | L105: =H105-J105 -> 300000
A106: 7 | B106: 45666 | C106: P 9611 GA | D106: Pak Rofiq | E106: bola | F106: pak yanto porong | G106: 10000 | H106: 1000000 | I106: tf | J106: 500000 | K106: tf | L106: =H106-J106 -> 500000
A107: 8 | B107: 45666 | C107: P 9611 GA | D107: Pak Rofiq | E107: panah | F107: bu tutik bojonegoro kapas/p agus | G107: 9000 | H107: 1035000 | I107: cash | J107: 600000 | K107: tf | L107: =H107-J107 -> 435000
...

Sheet P PRI (W8263DW)
B1: TANGGAL | C1: NO. POL | D1: DRIVER | E1: MERK KEDELAI | F1: PENERIMA | G1: BERAT (kg) | H1: ONGKOSAN | I1: KET | J1: SAKU SOPIR | K1: KET | L1: SETORAN | M1: KERUSAKAN
B2: 04 Mei | C2: W 8263 DW | D2: Pak Priyanto | M2: 5495000
B3: 07 Mei | C3: W 8263 DW | D3: Pak Priyanto | E3: Hiu | F3: P Yanto porong | G3: 9000 | H3: 810000 | I3: Cash | J3: 450000 | K3: Cash | L3: =H3-J3 -> 360000 | M3: 610000
B4: 08 Mei | C4: W 8263 DW | D4: Pak Priyanto | E4: Panah | F4: Bu iin sepanjang | G4: 9000 | H4: 675000 | I4: TF | J4: 375000 | K4: Cash | L4: =H4-J4 -> 300000
B5: 08 Mei | C5: W 8263 DW | D5: Pak Priyanto | E5: Hiu | F5: Bu iin sepanjang | G5: 9000 | H5: 675000 | I5: TF | J5: 375000 | K5: Cash | L5: =H5-J5 -> 300000
B6: 10 Mei | C6: W 8263 DW | D6: Pak Priyanto | E6: Panah | F6: Abah mif | G6: 9000 | H6: 900000 | I6: TF | J6: 350000 | K6: TF | L6: =H6-J6 -> 550000
B7: 10 Mei | C7: W 8263 DW | D7: Pak Priyanto | E7: Panah | F7: Bu tutik bojonegoro kota | G7: 9000 | H7: 1125000 | I7: Cash | J7: 640000 | K7: Cash | L7: =H7-J7 -> 485000
B8: 11 Mei | C8: W 8263 DW | D8: Pak Priyanto | E8: Super bean | F8: Bu tutik kapas | G8: 9000 | H8: 1035000 | I8: Cash | J8: 600000 | K8: Cash | L8: =H8-J8 -> 435000
B9: 13 Mei | C9: W 8263 DW | D9: Pak Priyanto | E9: Hiu | F9: Abah mif | G9: 9000 | H9: 720000 | I9: TF | J9: 350000 | K9: Cash | L9: =H9-J9 -> 370000 | M9: 607000
B10: 14 Mei | C10: W 8263 DW | D10: Pak Priyanto | E10: BW | F10: P Ridwan manyar | G10: 9000 | H10: 720000 | I10: Cash | J10: 350000 | K10: Cash | L10: =H10-J10 -> 370000
B11: 15 Mei | C11: W 8263 DW | D11: Pak Priyanto | E11: Hiu | F11: Bu prapti nganjuk | G11: 9000 | H11: 1200000 | I11: Cash | J11: 640000 | K11: Cash | L11: =H11-J11 -> 560000
B12: 17 Mei | C12: W 8263 DW | D12: Pak Priyanto | E12: Panah | F12: Abah mif | G12: 9000 | H12: 900000 | I12: TF | J12: 350000 | K12: Cash | L12: =H12-J12 -> 550000
B13: 18 Mei | C13: W 8263 DW | D13: Pak Priyanto | E13: Hiu | F13: Bu iin sepanjang | G13: 9000 | H13: 675000 | I13: TF | J13: 375000 | K13: Cash | L13: =H13-J13 -> 300000
B14: 18 Mei | C14: W 8263 DW | D14: Pak Priyanto | E14: Hiu | F14: P Yanto porong | G14: 9000 | H14: 810000 | I14: Cash | J14: 450000 | K14: Cash | L14: =H14-J14 -> 360000 | M14: 25000
B15: 20 Mei | C15: W 8263 DW | D15: Pak Priyanto | E15: Tumpi | F15: P Arif Blitar | G15: 9000 | H15: 1000000 | I15: TF | J15: 700000 | K15: Cash | L15: =H15-J15 -> 300000
B16: 21 Mei | C16: W 8263 DW | D16: Pak Priyanto | E16: Hiu | F16: Bu iin sepanjang | G16: 9000 | H16: 675000 | I16: TF | J16: 375000 | K16: TF | L16: =H16-J16 -> 300000
B17: 22 Mei | C17: W 8263 DW | D17: Pak Priyanto | E17: Panah | F17: Roni sederhana malang | G17: 8500 | H17: 1200000 | I17: TF | J17: 640000 | K17: TF | L17: =H17-J17 -> 560000
B18: 24 Mei | C18: W 8263 DW | D18: Pak Priyanto | E18: Hiu | F18: Abah mif | G18: 9000 | H18: 900000 | I18: TF | J18: 350000 | K18: TF | L18: =H18-J18 -> 550000
B19: 25 Mei | C19: W 8263 DW | D19: Pak Priyanto | E19: Hiu | F19: Bu kasmi madiun | G19: 9000 | H19: 1350000 | I19: TF | J19: 800000 | K19: TF | L19: =H19-J19 -> 550000 | M19: 725000
B20: 27 Mei | C20: W 8263 DW | D20: Pak Priyanto | E20: Panah | F20: Toko putra bumi berkah | G20: 9000 | H20: 675000 | I20: Cash | J20: 350000 | K20: Cash | L20: =H20-J20 -> 325000
B21: 28 Mei | C21: W 8263 DW | D21: Pak Priyanto | E21: Hiu | F21: Bu iin sepanjang | G21: 9000 | H21: 675000 | I21: TF | J21: 375000 | K21: Cash | L21: =H21-J21 -> 300000 | M21: 490000
B22: 29 Mei | C22: W 8263 DW | D22: Pak Priyanto | E22: BW | F22: P Ridwan manyar | G22: 9000 | H22: 720000 | I22: Cash | J22: 350000 | K22: Cash | L22: =H22-J22 -> 370000
B23: 31 Mei | C23: W 8263 DW | D23: Pak Priyanto | E23: Tulip | F23: Abah mif | G23: 10000 | H23: 1000000 | I23: TF | J23: 375000 | K23: Cash | L23: =H23-J23 -> 625000
B24: 31 Mei | C24: W 8263 DW | D24: Pak Priyanto | E24: Lotus | F24: Bu yatini | G24: 8500 | H24: 1400000 | I24: TF | J24: 900000 | K24: TF | L24: =H24-J24 -> 500000
L25: =SUM(L3:L24) -> 9320000 | M25: =SUM(M2:M24) -> 7952000
L26: =L25-M25 -> 1368000
B28: TANGGAL | C28: NO. POL | D28: DRIVER | E28: MERK KEDELAI | F28: PENERIMA | G28: BERAT (kg) | H28: ONGKOSAN | I28: KET | J28: SAKU SOPIR | K28: KET | L28: SETORAN | M28: KERUSAKAN
B29: 03 Juni | C29: W 8263 DW | D29: P Priyanto | E29: Hiu | F29: Bu kasmi madiun | G29: 9000 | H29: 1350000 | I29: TF | J29: 800000 | K29: Cash | L29: =H29-J29 -> 550000 | M29: 945000
B30: 04 Juni | C30: W 8263 DW | D30: P Priyanto | E30: Lotus | F30: Bu prapti nganjuk | G30: 9000 | H30: 1200000 | I30: Cash | J30: 640000 | K30: Cash | L30: =H30-J30 -> 560000
B31: 05 Juni | C31: W 8263 DW | D31: P Priyanto | E31: TSC | F31: P Ridwan manyar | G31: 9000 | H31: 720000 | I31: Cash | J31: 350000 | K31: Cash | L31: =H31-J31 -> 370000
B32: 06 Juni | C32: W 8263 DW | D32: P Priyanto | E32: Lotus | F32: P iwan bojonegoro | G32: 9000 | H32: 1170000 | I32: Cash | J32: 640000 | K32: Cash | L32: =H32-J32 -> 530000
B33: 07 Juni | C33: W 8263 DW | D33: P Priyanto | E33: Panah | F33: Toko putra bumi berkah | G33: 9000 | H33: 675000 | I33: Cash | J33: 350000 | K33: Cash | L33: =H33-J33 -> 325000
B34: 08 Juni | C34: W 8263 DW | D34: P Priyanto | E34: Hiu | F34: Bu kasmi madiun | G34: 9000 | H34: 1350000 | I34: TF | J34: 800000 | K34: Cash | L34: =H34-J34 -> 550000
B35: 10 Juni | C35: W 8263 DW | D35: P Priyanto | E35: Lotus | F35: Bu iin sepanjang | G35: 9000 | H35: 675000 | I35: TF | J35: 375000 | K35: TF | L35: =H35-J35 -> 300000
B36: 10 Juni | C36: W 8263 DW | D36: P Priyanto | E36: Lotus | F36: Roni sederhana malang | G36: 9000 | H36: 1200000 | I36: Cash | J36: 640000 | K36: TF | L36: =H36-J36 -> 560000
B37: 12 Juni | C37: W 8263 DW | D37: P Priyanto | E37: Panah | F37: P Yanto porong | G37: 9000 | H37: 810000 | I37: Cash | J37: 450000 | K37: Cash | L37: =H37-J37 -> 360000
B38: 13 Juni | C38: W 8263 DW | D38: P Priyanto | E38: Super bean | F38: P Ridwan manyar | G38: 9000 | H38: 720000 | I38: Cash | J38: 350000 | K38: Cash | L38: =H38-J38 -> 370000
B39: 13 Juni | C39: W 8263 DW | D39: P Priyanto | E39: Panah | F39: Abah mif | G39: 9000 | H39: 900000 | I39: TF | J39: 350000 | K39: Cash | L39: =H39-J39 -> 550000
B40: 14 Juni | C40: W 8263 DW | D40: P Priyanto | E40: Lotus | F40: Abah mif | G40: 9000 | H40: 900000 | I40: TF | J40: 350000 | K40: Cash | L40: =H40-J40 -> 550000
B41: 14 Juni | C41: W 8263 DW | D41: P Priyanto | E41: Lotus | F41: Abah slamet | G41: 9000 | H41: 1215000 | I41: TF | J41: 700000 | K41: Cash | L41: =H41-J41 -> 515000
... B44: 18 Juni | C44: W 8263 DW | D44: P Priyanto | E44: Panah | F44: Bu sum ploso jombang | G44: 9000 | H44: 990000 | I44: TF | J44: 500000 | K44: Cash | L44: =H44-J44 -> 490000
B45: 19 Juni | C45: W 8263 DW | D45: P Priyanto | E45: Panah | F45: P Saiku Malang | G45: 9000 | H45: 1305000 | I45: TF | J45: 700000 | K45: Cash | L45: =H45-J45 -> 605000 | M45: 305000
B46: 20 Juni | C46: W 8263 DW | D46: P Priyanto | E46: Hiu | F46: P Jamil ngawi | G46: 9000 | H46: 1400000 | I46: TF | J46: 900000 | K46: TF | L46: =H46-J46 -> 500000
B47: 21 Juni | C47: W 8263 DW | D47: P Priyanto | E47: Panah | F47: Abah saiful krian | G47: 9000 | H47: 700000 | I47: TF | J47: 375000 | K47: TF | L47: =H47-J47 -> 325000
B48: 22 Juni | C48: W 8263 DW | D48: P Priyanto | E48: Hiu | F48: Bu kasmi madiun | G48: 9000 | H48: 1350000 | I48: TF | J48: 800000 | K48: TF | L48: =H48-J48 -> 550000 | M48: 650000
B49: 24 Juni | C49: W 8263 DW | D49: P Priyanto | E49: Panah | F49: P Yanto porong | G49: 9000 | H49: 810000 | I49: TF | J49: 450000 | K49: TF | L49: =H49-J49 -> 360000
B50: 24 Juni | C50: W 8263 DW | D50: P Priyanto | E50: Panah | F50: P Jamil ngawi | G50: 9000 | H50: 1400000 | I50: TF | J50: 900000 | K50: TF | L50: =H50-J50 -> 500000
B51: 25 Juni | C51: W 8263 DW | D51: P Priyanto | E51: Panah | F51: Bu kasmi madiun | G51: 9000 | H51: 1350000 | I51: TF | J51: 800000 | K51: TF | L51: =H51-J51 -> 550000
B52: 26 Juni | C52: W 8263 DW | D52: P Priyanto | E52: Hiu | F52: Mba nur kopti mjkerto | G52: 10000 | H52: 850000 | I52: TF | J52: 500000 | K52: TF | L52: =H52-J52 -> 350000
B53: 27 Juni | C53: W 8263 DW | D53: P Priyanto | E53: Lotus | F53: Roni sederhana malang | G53: 8500 | H53: 1200000 | I53: TF | J53: 640000 | K53: TF | L53: =H53-J53 -> 560000
B54: 28 Juni | C54: W 8263 DW | D54: P Priyanto | E54: Panah | F54: P Sukari sidokare | G54: 9000 | H54: 765000 | I54: Cash | J54: 400000 | K54: TF | L54: =H54-J54 -> 365000
B55: 28 Juni | C55: W 8263 DW | D55: P Priyanto | E55: Panah | F55: Abah parnoto blitar | G55: 9000 | H55: 1350000 | I55: TF | J55: 850000 | K55: TF | L55: =H55-J55 -> 500000
L56: =SUM(L28:L55) -> 12855000 | M56: =SUM(M28:M55) -> 1900000
L57: =L56-M56 -> 10955000
B59: TANGGAL | C59: NO. POL | D59: DRIVER | E59: MERK KEDELAI | F59: PENERIMA | G59: BERAT (kg) | H59: ONGKOSAN | I59: KET | J59: SAKU SOPIR | K59: KET | L59: SETORAN | M59: KERUSAKAN
B60: 01 Juli | C60: W 8263 DW | D60: P priyanto | E60: BW | F60: Bu tutik sumber rejo | G60: 9000 | H60: 1000000 | I60: TF | J60: 550000 | K60: TF | L60: =H60-J60 -> 450000 | M60: 95000
B61: 02 Juli | C61: W 8263 DW | D61: P priyanto | E61: Panah | F61: P Saiku malang | G61: 9000 | H61: 1305000 | I61: TF | J61: 700000 | K61: TF | L61: =H61-J61 -> 605000
B62: 03 Juli | C62: W 8263 DW | D62: P priyanto | E62: Hiu | F62: Bu kasmi madiun | G62: 9000 | H62: 1500000 | I62: TF | J62: 850000 | K62: TF | L62: =H62-J62 -> 650000
B63: 05 Juli | C63: W 8263 DW | D63: P priyanto | E63: Panah | F63: P Yanto porong | G63: 10000 | H63: 900000 | I63: Cash | J63: 500000 | K63: Cash | L63: =H63-J63 -> 400000 | M63: 200000
B64: 06 Juli | C64: W 8263 DW | D64: P priyanto | E64: Tulip | F64: Bu iin sepanjang | G64: 9000 | H64: 675000 | I64: TF | J64: 375000 | K64: TF | L64: =H64-J64 -> 300000
B65: 06 Juli | C65: W 8263 DW | D65: P priyanto | E65: Hiu | F65: Bu kasmi madiun | G65: 10000 | H65: 1500000 | I65: TF | J65: 850000 | K65: TF | L65: =H65-J65 -> 650000
B66: 08 Juli | C66: W 8263 DW | D66: P priyanto | E66: Panah | F66: Abah Mif | G66: 9000 | H66: 920000 | I66: Cash | J66: 350000 | K66: TF | L66: =H66-J66 -> 570000
B67: 08 Juli | C67: W 8263 DW | D67: P priyanto | E67: Panah | F67: Bu kasmi madiun | G67: 9000 | H67: 1350000 | I67: TF | J67: 800000 | K67: TF | L67: =H67-J67 -> 550000
B68: 09 Juli | C68: W 8263 DW | D68: P priyanto | E68: BW | F68: P Ridwan manyar | G68: 9000 | H68: 720000 | I68: TF | J68: 350000 | K68: TF | L68: =H68-J68 -> 370000
B69: 10 Juli | C69: W 8263 DW | D69: P priyanto | E69: Hiu | F69: Bu kasmi madiun | G69: 9000 | H69: 1500000 | I69: TF | J69: 850000 | K69: TF | L69: =H69-J69 -> 650000
B70: 11 Juli | C70: W 8263 DW | D70: P priyanto | E70: Jempol sip | F70: P Jamil ngawi | G70: 9000 | H70: 1400000 | I70: TF | J70: 900000 | K70: TF | L70: =H70-J70 -> 500000
B71: 12 Juli | C71: W 8263 DW | D71: P priyanto | E71: Porang | F71: Ponorogo | G71: 10000 | H71: 2000000 | I71: Cash | J71: 1000000 | K71: Cash | L71: =H71-J71 -> 1000000
B72: 15 Juli | C72: W 8263 DW | D72: P priyanto | E72: Panah | F72: P Anwar porong | G72: 8000 | H72: 700000 | I72: TF | J72: 400000 | K72: TF | L72: =H72-J72 -> 300000
B73: 15 Juli | C73: W 8263 DW | D73: P priyanto | E73: Hiu | F73: Mba Nur Kopti Mojokerto | G73: 9000 | H73: 765000 | I73: TF | J73: 450000 | K73: TF | L73: =H73-J73 -> 315000 | M73: 50000
B74: 16 Juli | C74: W 8263 DW | D74: P priyanto | E74: Jempol sip | F74: P Jamil ngawi | G74: 9000 | H74: 1400000 | I74: TF | J74: 950000 | K74: TF | L74: =H74-J74 -> 450000 | M74: 250000
B75: 17 Juli | C75: W 8263 DW | D75: P priyanto | E75: Jempol sip | F75: Abah slamet tobo | G75: 9000 | H75: 1215000 | I75: TF | J75: 750000 | K75: TF | L75: =H75-J75 -> 465000
B76: 18 Juli | C76: W 8263 DW | D76: P priyanto | E76: Menir | F76: P Arif Blitar | G76: 9000 | H76: 1792000 | I76: TF | J76: 900000 | K76: TF | L76: =H76-J76 -> 892000
B77: 19 Juli | C77: W 8263 DW | D77: P priyanto | E77: Jempol sip | F77: Toko Putra Bumi Berkah | G77: 9000 | H77: 720000 | I77: TF | J77: 400000 | K77: TF | L77: =H77-J77 -> 320000
B78: 20 Juli | C78: W 8263 DW | D78: P priyanto | E78: Hiu | F78: P Yanto porong | G78: 10000 | H78: 900000 | I78: TF | J78: 500000 | K78: TF | L78: =H78-J78 -> 400000 | M78: 530000
B79: 22 Juli | C79: W 8263 DW | D79: P priyanto | E79: Lotus | F79: P Ridwan manyar | G79: 9000 | H79: 720000 | I79: TF | J79: 350000 | K79: TF | L79: =H79-J79 -> 370000
B80: 22 Juli | C80: W 8263 DW | D80: P priyanto | E80: Hiu | F80: M Nur kopti mojokerto | G80: 9000 | H80: 765000 | I80: TF | J80: 450000 | K80: TF | L80: =H80-J80 -> 315000
B81: 23 Juli | C81: W 8263 DW | D81: P priyanto | E81: Lotus | F81: P Jamil ngawi | G81: 9000 | H81: 1395000 | I81: TF | J81: 900000 | K81: TF | L81: =H81-J81 -> 495000 | M81: 1610000
B82: 24 Juli | C82: W 8263 DW | D82: P priyanto | E82: Jempol sip | F82: Abah dori bangil | G82: 9000 | H82: 900000 | I82: TF | J82: 550000 | K82: TF | L82: =H82-J82 -> 350000 | M82: 80000
B83: 25 Juli | C83: W 8263 DW | D83: P priyanto | E83: Tulip | F83: Bu iin sepanjang | G83: 10000 | H83: 750000 | I83: TF | J83: 425000 | K83: TF | L83: =H83-J83 -> 325000 | N83: 1 Jt cash p pri & 782,000 & TF Di rek angkutan tgl 29/7
B84: 25 Juli | C84: W 8263 DW | D84: P priyanto | E84: Panah | F84: P Arif Blitar | G84: 9000 | H84: 1782000 | I84: TF | J84: 900000 | K84: TF | L84: =H84-J84 -> 882000
B85: 26 Juli | C85: W 8263 DW | D85: P priyanto | E85: Hiu | F85: Abah parnoto blitar | G85: 9000 | H85: 1350000 | I85: TF | J85: 875000 | K85: TF | L85: =H85-J85 -> 475000 | N85: Nira kurg 25 rb tf nya
B86: 29 Juli | C86: W 8263 DW | D86: P priyanto | E86: Lotus | F86: Abah Mif | G86: 9000 | H86: 800000 | I86: TF | J86: 350000 | K86: TF | L86: =H86-J86 -> 450000
B87: 30 Juli | C87: W 8263 DW | D87: P priyanto | E87: Tulip | F87: Abah Mif | G87: 11000 | H87: 1040000 | I87: TF | J87: 425000 | K87: TF | L87: =H87-J87 -> 615000
B88: 30 Juli | C88: W 8263 DW | D88: P priyanto | E88: Lotus | F88: Bu tutik kapas | G88: 9000 | H88: 1035000 | I88: TF | J88: 600000 | K88: TF | L88: =H88-J88 -> 435000
B89: 31 Juli | C89: W 8263 DW | D89: P priyanto | E89: Tumpi | F89: P Arif Blitar | G89: 9000 | H89: 1548000 | I89: TF | J89: 900000 | K89: TF | L89: =H89-J89 -> 648000
L90: =SUM(L59:L89) -> 15197000 | M90: =SUM(M59:M87) -> 2815000
L91: =L90-M90 -> 12382000
B93: TANGGAL | C93: NO. POL | D93: DRIVER | E93: MERK KEDELAI | F93: PENERIMA | G93: BERAT (kg) | H93: ONGKOSAN | I93: KET | J93: SAKU SOPIR | K93: KET | L93: SETORAN | M93: KERUSAKAN
B94: 2 Agustus | C94: W 8263 DW | D94: P Priyanto | E94: Tumpi | F94: P Arif blitar | G94: 5000 | H94: 1513000 | I94: Cash | J94: 900000 | K94: TF | L94: =H94-J94 -> 613000 | M94: 100000
B95: 5 Agustus | C95: W 8263 DW | D95: P Priyanto | E95: Tumpi Lotus | F95: P Arif blitar | G95: 6480 | H95: 1919000 | I95: Cash | J95: 900000 | K95: Cash | L95: =H95-J95 -> 1019000 | M95: 0
B96: 6 Agustus | C96: W 8263 DW | D96: P Priyanto | E96: Tumpi Tulip | F96: P Arif blitar | G96: 6903.5 | H96: 2071000 | I96: Cash | J96: 900000 | K96: Cash | L96: =H96-J96 -> 1171000 | M96: 0
B97: 7 Agustus | C97: W 8263 DW | D97: P Priyanto | E97: Tumpi Lotus | F97: P Arif blitar | G97: 5816.5 | H97: 1745000 | I97: Cash | J97: 900000 | K97: Cash | L97: =H97-J97 -> 845000 | M97: 0
B98: 8 Agustus | C98: W 8263 DW | D98: P Priyanto | E98: Menir | F98: P Arif blitar | G98: 8961 | H98: 2240000 | I98: Cash | J98: 900000 | K98: Cash | L98: =H98-J98 -> 1340000 | M98: 0
B99: 9 Agustus | C99: W 8263 DW | D99: P Priyanto | E99: Menir | F99: P Arif blitar | G99: 8987.5 | H99: 2696000 | I99: Cash | J99: 900000 | K99: Cash | L99: =H99-J99 -> 1796000 | M99: 0
B100: 10 Agustus | C100: W 8263 DW | D100: P Priyanto | E100: BW | F100: P Ridwan manyar | G100: 9000 | H100: 720000 | I100: Cash | J100: 350000 | K100: Cash | L100: =H100-J100 -> 370000 | M100: 0
B101: 12 Agustus | C101: W 8263 DW | D101: P Priyanto | E101: Tumpi FKS | F101: P Arif blitar | G101: 5000 | H101: 1500000 | I101: Cash | J101: 900000 | K101: Cash | L101: =H101-J101 -> 600000 | M101: 0
B102: 13 Agustus | C102: W 8263 DW | D102: P Priyanto | E102: Tumpi Panah | F102: P Arif blitar | G102: 6484.5 | H102: 1945350 | I102: Cash | J102: 900000 | K102: Cash | L102: =H102-J102 -> 1045350 | M102: 0
B103: 15 Agustus | C103: W 8263 DW | D103: P Priyanto | E103: Tumpi Hiu | F103: P Arif blitar | G103: 4990 | H103: 1497000 | I103: Cash | J103: 900000 | K103: Cash | L103: =H103-J103 -> 597000 | M103: 0
B104: 16 Agustus | C104: W 8263 DW | D104: P Priyanto | E104: Hiu | F104: Mba nur kopti mojokerto | G104: 9000 | H104: 765000 | I104: TF | J104: 450000 | K104: Cash | L104: =H104-J104 -> 315000 | M104: 0
B105: 16 Agustus | C105: W 8263 DW | D105: P Priyanto | E105: Menir | F105: P Arif blitar | G105: 8994.5 | H105: 2698350 | I105: Cash | J105: 900000 | K105: Cash | L105: =H105-J105 -> 1798350 | M105: 0
...

Sheet P AJI (N8517EW)
B1: TANGGAL | C1: NO. POL | D1: DRIVER | E1: MERK KEDELAI | F1: PENERIMA | G1: BERAT (kg) | H1: ONGKOSAN | J1: SAKU SOPIR | L1: SETORAN | M1: KERUSAKAN
B2: 45078 | C2: S 9157 HI | D2: PAK AJI | E2: JEMPOL SIP | F2: TOKO SEDERHANA MALANG | G2: 8500 | H2: 1130000 | J2: 640000 | L2: =H2-J2 -> 490000 | M2: 140000
B3: 45080 | C3: S 9157 HI | D3: PAK AJI | E3: PANAH | F3: KOPTI WAHYU SATRIA MALANG | G3: 8500 | H3: 1100000 | J3: 640000 | L3: =H3-J3 -> 460000 | M3: 100000
B4: 45082 | C4: S 9157 HI | D4: PAK AJI | E4: PANAH | F4: PAK JAMIL | G4: 9000 | H4: 1400000 | J4: 900000 | L4: =H4-J4 -> 500000
B5: 45083 | C5: S 9157 HI | D5: PAK AJI | E5: PANAH | F5: ABAH PRANOTO | G5: 8500 | H5: 1300000 | J5: 850000 | L5: =H5-J5 -> 450000
B6: 45085 | C6: S 9157 HI | D6: PAK AJI | E6: LOTUS | F6: PAK SLAMET TOBO | G6: 9000 | H6: 1215000 | J6: 700000 | L6: =H6-J6 -> 515000
B7: 45086 | C7: S 9157 HI | D7: PAK AJI | E7: PANAH | F7: KAMDANI | G7: 9000 | H7: 1200000 | J7: 640000 | L7: =H7-J7 -> 560000 | M7: 200000
B8: 45087 | C8: S 9157 HI | D8: PAK AJI | E8: JEMPOL SIP | F8: PAK HERWANTO | G8: 9000 | H8: 765000 | J8: 450000 | L8: =H8-J8 -> 315000
B9: 45089 | C9: S 9157 HI | D9: PAK AJI | E9: SUPERBIN | F9: BU TUTIK | H9: 990000 | J9: 550000 | L9: =H9-J9 -> 440000
B10: 45090 | C10: S 9157 HI | D10: PAK AJI | E10: JEMPOL SIP | F10: TOKO SEDERHANA MALANG | G10: 8500 | H10: 1130000 | J10: 640000 | L10: =H10-J10 -> 490000
B11: 45092 | C11: S 9157 HI | D11: PAK AJI | E11: LOTUS | F11: PAK SLAMET TOBO | G11: 9000 | H11: 1215000 | J11: 700000 | L11: =H11-J11 -> 515000
B12: 45093 | C12: S 9157 HI | D12: PAK AJI | E12: LOTUS | F12: KOPTI GIRI JAYA GRESIK | G12: 9000 | H12: 720000 | J12: 350000 | L12: =H12-J12 -> 370000
B13: 45093 | C13: S 9157 HI | D13: PAK AJI | E13: LOTUS | F13: TOKO BUMI BERKAH | G13: 9000 | H13: 675000 | J13: 350000 | L13: =H13-J13 -> 325000
B14: 45094 | C14: S 9157 HI | D14: PAK AJI | E14: PANAH | F14: PAK KAMDANI | G14: 8500 | H14: 1200000 | J14: 640000 | L14: =H14-J14 -> 560000
B15: 45097 | C15: S 9157 HI | D15: PAK AJI | E15: JEMPOL SIP | F15: ABAH KOHAR BOJONEGORO | H15: 975000 | J15: 500000 | L15: =H15-J15 -> 475000
B16: 45098 | C16: S 9157 HI | D16: PAK AJI | E16: JEMPOL SIP | F16: ABAH KOHAR BOJONEGORO | H16: 975000 | J16: 500000 | L16: =H16-J16 -> 475000
B17: 45099 | E17: LOTUS | F17: KOPTI GIRI JAYA GRESIK | H17: 720000 | J17: 350000 | L17: =H17-J17 -> 370000
B18: 45100 | F18: ABAH PRANOTO | H18: 1300000 | J18: 850000 | L18: =H18-J18 -> 450000
B19: 45100 | C19: S 9157 HI | D19: PAK AJI | E19: PANAH | F19: KOPTI GIRI JAYA GRESIK | G19: 9000 | H19: 720000 | J19: 350000 | L19: =H19-J19 -> 370000
B20: 45103 | C20: S 9157 HI | D20: PAK AJI | E20: LOTUS | F20: TOKO SEDERHANA MALANG | G20: 8500 | H20: 1200000 | J20: 640000 | L20: =H20-J20 -> 560000
B21: 45104 | C21: S 9157 HI | D21: PAK AJI | E21: PLASTIK | F21: KOH HERI JEMBER | H21: 1500000 | J21: 800000 | L21: =H21-J21 -> 700000
L22: =SUM(L1:L21) -> 9390000 | M22: =SUM(M1:M21) -> 440000
L23: =L22-M22 -> 8950000
B25: TANGGAL | C25: NO. POL | D25: DRIVER | E25: MERK KEDELAI | F25: PENERIMA | G25: BERAT (kg) | H25: ONGKOSAN | J25: SAKU SOPIR | L25: SETORAN | M25: KERUSAKAN
B26: 45108 | C26: S 9157 HI | D26: Pak Aji | E26: HIU | F26: Pak Iwan Bojonegoro Kota | G26: 9000 | H26: 1080000 | J26: 640000 | L26: =H26-J26 -> 440000
B27: 45111 | C27: S 9157 HI | D27: Pak Aji | E27: Lotus | F27: Roni Sederhana Malang Blimbing | G27: 8500 | H27: 1200000 | J27: 640000 | L27: =H27-J27 -> 560000
B28: 45112 | C28: S 9157 HI | D28: Pak Aji | E28: Lotus | F28: Pak Ramen Ngawi | G28: 9000 | H28: 1450000 | J28: 900000 | L28: =H28-J28 -> 550000 | M28: 140000
B29: 45113 | C29: S 9157 HI | D29: Pak Aji | E29: Lotus | F29: Abah Mif Kopti Giri Jaya | G29: 9000 | H29: 720000 | J29: 350000 | L29: =H29-J29 -> 370000
B30: 45114 | C30: S 9157 HI | D30: Pak Aji | E30: Lotus | F30: Abah Slamet Bojonegoro Kalitidu | G30: 9000 | H30: 1215000 | J30: 700000 | L30: =H30-J30 -> 515000
B31: 45115 | C31: S 9157 HI | D31: Pak Aji | E31: Panah Biru | F31: Bu Astuti Bojonegoro Kota | G31: 9000 | H31: 1125000 | J31: 640000 | L31: =H31-J31 -> 485000 | M31: 70000
B32: 45117 | C32: S 9157 HI | D32: Pak Aji | E32: Lotus | F32: Abah Slamet Bojonegoro Kalitidu | G32: 9000 | H32: 1215000 | J32: 700000 | L32: =H32-J32 -> 515000
B33: 45118 | C33: S 9157 HI | D33: Pak Aji | L33: =H33-J33 -> 0 | M33: 1100000
B34: 45119 | C34: S 9157 HI | D34: Pak Aji | E34: Panah Biru | F34: Bu kasmi madiun | G34: 9000 | H34: 1350000 | J34: 800000 | L34: =H34-J34 -> 550000
B35: 45120 | C35: S 9157 HI | D35: Pak Aji | E35: Lotus | F35: Bu prapti nganjuk | G35: 9000 | H35: 1200000 | J35: 640000 | L35: =H35-J35 -> 560000
B36: 45122 | C36: S 9157 HI | D36: Pak Aji | E36: Lotus | F36: Toko sederhana malang | G36: 8500 | H36: 1200000 | J36: 640000 | L36: =H36-J36 -> 560000 | M36: 250000
B37: 45124 | C37: S 9157 HI | D37: Pak Aji | E37: Lotus | F37: Abah kohar bojonegoro | G37: 9000 | H37: 975000 | J37: 500000 | L37: =H37-J37 -> 475000
B38: 45125 | C38: S 9157 HI | D38: Pak Aji | E38: Jempol sip | F38: Toko sederhana malang | G38: 8500 | H38: 1200000 | J38: 640000 | L38: =H38-J38 -> 560000
B39: 45127 | C39: S 9157 HI | D39: Pak Aji | E39: Lotus | F39: Abah Slamet Bojonegoro Kalitidu | G39: 9000 | H39: 1215000 | J39: 700000 | L39: =H39-J39 -> 515000
B40: 45127 | C40: S 9157 HI | D40: Pak Aji | E40: Lotus | F40: Toko bumi berkah | G40: 9000 | H40: 675000 | J40: 350000 | L40: =H40-J40 -> 325000
B41: 45128 | C41: S 9157 HI | D41: Pak Aji | E41: Lotus | F41: Abah khohar | G41: 9000 | H41: 975000 | J41: 500000 | L41: =H41-J41 -> 475000
B42: 45129 | C42: S 9157 HI | D42: Pak Aji | E42: Lotus | F42: Toko bumi berkah | G42: 9000 | H42: 675000 | J42: 350000 | L42: =H42-J42 -> 325000
B43: 45131 | C43: S 9157 HI | D43: Pak Aji | E43: Lotus | F43: Abah Mif Kopti Giri Jaya | G43: 9000 | H43: 720000 | J43: 350000 | L43: =H43-J43 -> 370000
B44: 45131 | C44: S 9157 HI | D44: Pak Aji | E44: Lotus | F44: Abah Slamet Bojonegoro Kalitidu | G44: 9000 | H44: 1215000 | J44: 700000 | L44: =H44-J44 -> 515000
B45: 45132 | C45: S 9157 HI | D45: Pak Aji | E45: Panah Biru | F45: P Jamil ngawi | G45: 9000 | H45: 1400000 | J45: 900000 | L45: =H45-J45 -> 500000
B46: 45133 | C46: S 9157 HI | D46: Pak Aji | M46: 50000
B47: 45134 | C47: S 9157 HI | D47: Pak Aji | E47: Panah Biru | F47: Bu kasmi madiun | G47: 9000 | H47: 1350000 | J47: 800000 | L47: =H47-J47 -> 550000
B48: 45135 | C48: S 9157 HI | D48: Pak Aji | E48: Lotus | F48: Kopti wahyu satria malang | G48: 8500 | H48: 1100000 | J48: 640000 | L48: =H48-J48 -> 460000
B49: 45136 | C49: S 9157 HI | D49: Pak Aji | E49: Lotus | F49: Kopti wahyu satria malang | G49: 8500 | H49: 1100000 | J49: 640000 | L49: =H49-J49 -> 460000
B50: 45137 | C50: S 9157 HI | D50: Pak Aji | L50: =H50-J50 -> 0 | M50: 2974000
L51: =SUM(L26:L50) -> 10635000 | M51: =SUM(M26:M50) -> 4584000
L52: =L51-M51 -> 6051000
B54: TANGGAL | C54: NO. POL | D54: DRIVER | E54: MERK KEDELAI | F54: PENERIMA | G54: BERAT (kg) | H54: ONGKOSAN | I54: KET | J54: SAKU SOPIR | K54: KET | L54: SETORAN | M54: KERUSAKAN
B55: 45139 | C55: S 9157 HI | D55: Pak Aji | E55: Panah | F55: Abah mif kopti gresik | G55: 9000 | H55: 820000 | I55: TF | J55: 350000 | K55: Cash | L55: =H55-J55 -> 470000 | M55: 0
B56: 45143 | C56: S 9157 HI | D56: Pak Aji | L56: =H56-J56 -> 0 | M56: 250000
B57: 45146 | C57: S 9157 HI | D57: Pak Aji | E57: Hiu | F57: Bu Kasmi madiun | G57: 9000 | H57: 1350000 | I57: TF | J57: 800000 | K57: Cash | L57: =H57-J57 -> 550000 | M57: 0
B58: 45147 | C58: S 9157 HI | D58: Pak Aji | E58: Panah | F58: Pak Jamil Ngawi | G58: 9000 | H58: 1400000 | I58: Cash | J58: 900000 | K58: Cash | L58: =H58-J58 -> 500000 | M58: 0
B59: 45149 | C59: S 9157 HI | D59: Pak Aji | E59: Panah | F59: Bu Iin Sepanjang | G59: 9000 | H59: 675000 | I59: Cash | J59: 375000 | K59: Cash | L59: =H59-J59 -> 300000 | M59: 0
B60: 45150 | C60: S 9157 HI | D60: Pak Aji | E60: Lotus | F60: Kopti wahyu satria malang | G60: 8500 | H60: 1100000 | I60: Cash | J60: 640000 | K60: Cash | L60: =H60-J60 -> 460000 | M60: 0
B61: 45152 | C61: S 9157 HI | D61: Pak Aji | E61: Hiu | F61: Bu Kasmi madiun | G61: 9000 | H61: 1350000 | I61: TF | J61: 800000 | K61: Cash | L61: =H61-J61 -> 550000 | M61: 0
B62: 45156 | C62: S 9157 HI | D62: Pak Aji | E62: Lotus | F62: Toko bumi berkah | G62: 9000 | H62: 675000 | I62: Cash | J62: 350000 | K62: Cash | L62: =H62-J62 -> 325000 | M62: 60000
B63: 45156 | C63: S 9157 HI | D63: Pak Aji | E63: Lotus | F63: Abah parnoto blitar | G63: 8500 | H63: 1300000 | I63: Cash | J63: 850000 | K63: Cash | L63: =H63-J63 -> 450000 | M63: 0
B64: 45167 | C64: S 9157 HI | D64: Pak Aji | E64: Hiu | F64: Bu Kasmi madiun | G64: 9000 | H64: 1350000 | I64: TF | J64: 800000 | K64: Cash | L64: =H64-J64 -> 550000 | M64: 0
B65: 45168 | C65: S 9157 HI | D65: Pak Aji | E65: Lotus | F65: P Ramin ngawi | G65: 9000 | H65: 1450000 | I65: Cash | J65: 900000 | K65: Cash | L65: =H65-J65 -> 550000 | M65: 0
B66: 45169 | C66: S 9157 HI | D66: Pak Aji | E66: Panah | F66: Bu Iin Sepanjang | G66: 9000 | H66: 675000 | I66: Cash | J66: 375000 | K66: Cash | L66: =H66-J66 -> 300000 | M66: 0
L67: =SUM(L55:L66) -> 5005000 | M67: =SUM(M55:M66) -> 310000
L68: =L67-M67 -> 4695000
B69: TANGGAL | C69: NO. POL | D69: DRIVER | E69: MERK KEDELAI | F69: PENERIMA | G69: BERAT (kg) | H69: ONGKOSAN | I69: KET | J69: SAKU SOPIR | K69: KET | L69: SETORAN | M69: KERUSAKAN
B70: 45170 | C70: S 9157 HI | D70: Pak Aji | E70: Lotus | F70: Abah slamet | G70: 9000 | H70: 1215000 | I70: TF | J70: 700000 | K70: Cash | L70: =H70-J70 -> 515000 | M70: 0
B71: 45173 | C71: S 9157 HI | D71: Pak Aji | E71: Lotus | F71: Abah yudi borneo | G71: 9000 | H71: 900000 | I71: Cash | J71: 500000 | K71: Cash | L71: =H71-J71 -> 400000 | M71: 0
B72: 45174 | C72: S 9157 HI | D72: Pak Aji | E72: Lotus | F72: Pak iwan | G72: 9000 | H72: 1080000 | I72: Cash | J72: 640000 | K72: Cash | L72: =H72-J72 -> 440000 | M72: 0
B73: 45176 | C73: S 9157 HI | D73: Pak Aji | E73: Panah | F73: Bu iin sepanjang | G73: 9000 | H73: 675000 | I73: Cash | J73: 375000 | K73: Cash | L73: =H73-J73 -> 300000 | M73: 0
B74: 45177 | C74: S 9157 HI | D74: Pak Aji | E74: Panah | F74: Bu kasmi madiun | G74: 9000 | H74: 1350000 | I74: TF | J74: 800000 | K74: Cash | L74: =H74-J74 -> 550000 | M74: 0
B75: 45178 | C75: S 9157 HI | D75: Pak Aji | E75: Hiu | F75: Bu kasmi madiun | G75: 9000 | H75: 1350000 | I75: TF | J75: 800000 | K75: TF | L75: =H75-J75 -> 550000 | M75: 0
B76: 45179 | C76: S 9157 HI | D76: Pak Aji | M76: 30000
B77: 45180 | C77: S 9157 HI | D77: Pak Aji | E77: Panah | F77: Kopti ws malang | G77: 8500 | H77: 1100000 | I77: Cash | J77: 640000 | K77: Cash | L77: =H77-J77 -> 460000 | M77: 0
B78: 45181 | C78: S 9157 HI | D78: Pak Aji | E78: Lotus | F78: Bu Hj Herman | G78: 9000 | H78: 700000 | I78: Cash | J78: 400000 | K78: Cash | L78: =H78-J78 -> 300000 | M78: 0
B79: 45182 | C79: S 9157 HI | D79: Pak Aji | E79: Lotus | F79: Bu prapti nganjuk | G79: 9000 | H79: 1200000 | I79: Cash | J79: 640000 | K79: Cash | L79: =H79-J79 -> 560000 | M79: 0
B80: 45183 | C80: S 9157 HI | D80: Pak Aji | E80: Lotus | F80: Kopti ws malang | G80: 8500 | H80: 1100000 | I80: TF | J80: 640000 | K80: Cash | L80: =H80-J80 -> 460000 | M80: 0
B81: 45184 | C81: S 9157 HI | D81: Pak Aji | E81: Panah | F81: Kopti sepanjang | G81: 10000 | H81: 750000 | I81: Cash | J81: 400000 | K81: TF | L81: =H81-J81 -> 350000 | M81: 0
B82: 45185 | C82: S 9157 HI | D82: Pak Aji | E82: Hiu | F82: Bu kasmi madiun | G82: 9000 | H82: 1350000 | I82: TF | J82: 800000 | K82: TF | L82: =H82-J82 -> 550000 | M82: 0
B83: 45186 | C83: S 9157 HI | D83: Pak Aji | M83: 195000
B84: 45187 | C84: S 9157 HI | D84: Pak Aji | E84: Panah | F84: Abah saiful | G84: 9000 | H84: 750000 | I84: Cash | J84: 425000 | K84: TF | L84: =H84-J84 -> 325000 | M84: 0
B85: 45188 | C85: S 9157 HI | D85: Pak Aji | E85: Lotus | F85: Kopti ws malang | G85: 8500 | H85: 1100000 | I85: Cash | J85: 640000 | K85: Cash | L85: =H85-J85 -> 460000 | M85: 0
B86: 45189 | C86: S 9157 HI | D86: Pak Aji | E86: Pakan | F86: Abah saiful sidoarjo | G86: 10000 | H86: 850000 | I86: TF | J86: 425000 | K86: Cash | L86: =H86-J86 -> 425000 | M86: 0
B87: 45190 | C87: S 9157 HI | D87: Pak Aji | E87: Panah | F87: Kopti ws malang | G87: 8500 | H87: 1100000 | I87: Cash | J87: 640000 | K87: Cash | L87: =H87-J87 -> 460000 | M87: 910000
B88: 45194 | C88: S 9157 HI | D88: Pak Aji | E88: Lotus | F88: P Iwan | G88: 9000 | H88: 1080000 | I88: Cash | J88: 640000 | K88: Cash | L88: =H88-J88 -> 440000 | M88: 0
B89: 45195 | C89: S 9157 HI | D89: Pak Aji | E89: Lotus | F89: Kopti ws malang | G89: 8500 | H89: 1100000 | I89: Cash | J89: 640000 | K89: Cash | L89: =H89-J89 -> 460000 | M89: 45000
B90: 45196 | C90: S 9157 HI | D90: Pak Aji | E90: Hiu | F90: Abah parnoto blitar | G90: 8500 | H90: 1300000 | I90: Cash | J90: 850000 | K90: Cash | L90: =H90-J90 -> 450000 | M90: 0
B91: 45198 | C91: W 9876 UR | D91: Pak Aji | E91: Lotus | F91: Toko bumi berkah | G91: 9000 | H91: 675000 | I91: Cash | J91: 350000 | K91: Cash | L91: =H91-J91 -> 325000 | M91: 0
B92: 45198 | C92: S 9157 HI | D92: Pak Aji | E92: Panah | F92: Kopti sepanjang | G92: 9000 | H92: 750000 | I92: Cash | J92: 425000 | K92: Cash | L92: =H92-J92 -> 325000 | M92: 0
B93: 45199 | C93: S 9157 HI | D93: Pak Aji | E93: Lotus | F93: Kopti ws malang | G93: 8500 | H93: 1100000 | I93: Cash | J93: 640000 | K93: TF | L93: =H93-J93 -> 460000 | M93: 0
L94: =SUM(L70:L93) -> 9565000 | M94: =SUM(M70:M93) -> 1180000
L95: =L94-M94 -> 8385000
B96: TANGGAL | C96: NO. POL | D96: DRIVER | E96: MERK KEDELAI | F96: PENERIMA | G96: BERAT (kg) | H96: ONGKOSAN | I96: KET | J96: SAKU SOPIR | K96: KET | L96: SETORAN | M96: KERUSAKAN
B97: 45201 | C97: S 9157 HI | D97: Pak Aji | E97: Pakan | F97: Jombang | G97: 10000 | H97: 1000000 | I97: TF | J97: 550000 | K97: Cash | L97: =H97-J97 -> 450000 | M97: 0
B98: 45203 | C98: S 9157 HI | D98: Pak Aji | E98: BW | F98: P Iwan | G98: 9000 | H98: 1080000 | I98: Cash | J98: 640000 | K98: Cash | L98: =H98-J98 -> 440000 | M98: 30000
B99: 45205 | C99: S 9157 HI | D99: Pak Aji | E99: Hiu | F99: Abah mif kopti gresik | G99: 9000 | H99: 770000 | I99: TF | J99: 350000 | K99: TF | L99: =H99-J99 -> 420000 | M99: 0
B100: 45206 | C100: S 9157 HI | D100: Pak Aji | E100: Hiu | F100: P Iwan | G100: 9000 | H100: 1080000 | I100: Cash | J100: 640000 | K100: TF | L100: =H100-J100 -> 440000 | M100: 0
B101: 45207 | C101: S 9157 HI | D101: Pak Aji | L101: =H101-J101 -> 0 | M101: 516000
B102: 45208 | C102: W 9876 UR | D102: Pak Aji | E102: Lotus | F102: Toko bumi berkah | G102: 9000 | H102: 675000 | I102: TF | J102: 350000 | K102: Cash | L102: =H102-J102 -> 325000 | M102: 0
...

Sheet P NARTO (A9108A)
B1: TANGGAL | C1: NO. POL | D1: DRIVER | E1: MERK KEDELAI | F1: PENERIMA | G1: BERAT (kg) | H1: ONGKOSAN | I1: KET | J1: SAKU SOPIR | K1: KET | L1: SETORAN | M1: KERUSAKAN
M2: 900000
B3: 27 Juni 24 | C3: S 8329 WI | D3: P Agik | E3: Jempol Sip | F3: Abah slamet | G3: 9000 | H3: 1215000 | I3: TF | J3: 700000 | K3: Cash | L3: =H3-J3 -> 515000
B4: 28 Juni 24 | C4: S 8329 WI | D4: P Agik | E4: Panah | F4: Bu tutik kapas | G4: 9000 | H4: 1035000 | I4: Cash | J4: 600000 | K4: Cash | L4: =H4-J4 -> 435000
B5: 29 Juni 24 | C5: S 8329 WI | D5: P Agik | E5: Panah | F5: Bu kasmi madiun | G5: 9000 | H5: 1350000 | I5: TF | J5: 800000 | K5: Cash | L5: =H5-J5 -> 550000 | M5: 9660000
L6: =SUM(L2:L5) -> 1500000 | M6: =SUM(M2:M5) -> 10560000
L7: =L6-M6 -> -9060000
B9: TANGGAL | C9: NO. POL | D9: DRIVER | E9: MERK KEDELAI | F9: PENERIMA | G9: BERAT (kg) | H9: ONGKOSAN | I9: KET | J9: SAKU SOPIR | K9: KET | L9: SETORAN | M9: KERUSAKAN
B10: 01 Juli | C10: S 8329 WI | D10: P Agik | E10: Jempol sip | F10: Bu tutik Bojonegoro kota | G10: 9000 | H10: 1125000 | I10: Cash | J10: 640000 | K10: Cash | L10: =H10-J10 -> 485000 | M10: 5472000
B11: 02 Juli | C11: S 8329 WI | D11: P Agik | E11: Jempol sip | F11: Abah slamet tobo bojonegoro | G11: 9000 | H11: 1215000 | I11: TF | J11: 775000 | K11: Cash | L11: =H11-J11 -> 440000
B12: 04 Juli | C12: S 8329 WI | D12: P Agik | E12: Jempol sip | F12: Bu tutik Bojonegoro kota | G12: 9000 | H12: 1125000 | I12: Cash | J12: 640000 | K12: Cash | L12: =H12-J12 -> 485000
B13: 06 Juli | C13: S 8329 WI | D13: P Agik | E13: Panah | F13: Bu tutik Bojonegoro kota | G13: 9000 | H13: 1125000 | I13: Cash | J13: 640000 | K13: Cash | L13: =H13-J13 -> 485000
B14: 08 Juli | C14: S 8329 WI | D14: P Agik | E14: Jempol sip | F14: Bu tutik Bojonegoro kota | G14: 9000 | H14: 1125000 | I14: Cash | J14: 640000 | K14: Cash | L14: =H14-J14 -> 485000
B15: 09 Juli | C15: S 8329 WI | D15: P Agik | E15: Jempol sip | F15: Bu tutik Bojonegoro kota | G15: 9000 | H15: 1125000 | I15: Cash | J15: 640000 | K15: Cash | L15: =H15-J15 -> 485000
B16: 10 Juli | C16: S 8329 WI | D16: P Agik | E16: Hiu | F16: Bu kasmi madiun | G16: 10000 | H16: 1500000 | I16: TF | J16: 850000 | K16: Cash | L16: =H16-J16 -> 650000
B17: 11 Juli | C17: S 8329 WI | D17: P Agik | E17: Jempol sip | F17: P Jamil ngawi | G17: 9000 | H17: 1400000 | I17: Cash | J17: 900000 | K17: Cash | L17: =H17-J17 -> 500000
B18: 12 Juli | C18: S 8329 WI | D18: P Agik | E18: Jempol sip | F18: Bu tutik Bojonegoro kota | G18: 9000 | H18: 1125000 | I18: Cash | J18: 640000 | K18: Cash | L18: =H18-J18 -> 485000
B19: 13 Juli | C19: S 8329 WI | D19: P Agik | E19: Panah | F19: P Ramin Ngawi | G19: 9000 | H19: 1450000 | I19: TF | J19: 900000 | K19: Cash | L19: =H19-J19 -> 550000
B20: 15 Juli | C20: S 8329 WI | D20: P Agik | E20: Jempol sip | F20: Bu tutik sumber rejo | G20: 9000 | H20: 990000 | I20: Cash | J20: 550000 | K20: TF | L20: =H20-J20 -> 440000
B21: 16 Juli | C21: S 8329 WI | D21: P Agik | E21: Jempol sip | F21: Toko Putra bumi Berkah | G21: 4500 | H21: 338000 | I21: Cash | J21: 171000 | K21: Cash | L21: =H21-J21 -> 167000
B22: 16 Juli | C22: S 8329 WI | D22: P Agik | E22: Jempol sip | F22: P Hasan sukodono | G22: 4500 | H22: 400000 | I22: Cash | J22: 254000 | K22: Cash | L22: =H22-J22 -> 146000 | M22: 440000
B23: 17 Juli | C23: S 8329 WI | D23: P Agik | E23: Panah | F23: P Ramin Ngawi | G23: 9000 | H23: 1440000 | I23: TF | J23: 900000 | K23: Cash | L23: =H23-J23 -> 540000
B24: 18 Juli | C24: S 8329 WI | D24: P Agik | E24: Jempol sip | F24: Abah slamet tobo bojonegoro | G24: 9000 | H24: 1215000 | I24: TF | J24: 775000 | K24: TF | L24: =H24-J24 -> 440000
B25: 20 Juli | C25: S 8329 WI | D25: P Agik | E25: Hiu | F25: Bu qusaimah pare | G25: 9000 | H25: 1100000 | I25: TF | J25: 650000 | K25: TF | L25: =H25-J25 -> 450000
B26: 22 Juli | C26: S 8329 WI | D26: P Agik | E26: Jempol sip | F26: P Anwar porong | G26: 9000 | H26: 800000 | I26: TF | J26: 450000 | K26: TF | L26: =H26-J26 -> 350000 | M26: 315000
B27: 23 Juli | C27: S 8329 WI | D27: P Agik | E27: Tulip | F27: Toko Putra bumi Berkah | G27: 10000 | H27: 800000 | I27: Cash | J27: 375000 | K27: TF | L27: =H27-J27 -> 425000
B28: 23 Juli | C28: S 8329 WI | D28: P Agik | E28: Panah | F28: Bu tutik bojonegoro kapas | G28: 9000 | H28: 1035000 | I28: Cash | J28: 600000 | K28: Cash | L28: =H28-J28 -> 435000
B29: 24 Juli | C29: S 8329 WI | D29: P Agik | E29: Lotus | F29: Mba tiwuk nganjuk | G29: 9000 | H29: 1170000 | I29: Cash | J29: 640000 | K29: Cash | L29: =H29-J29 -> 530000
B30: 25 Juli | C30: S 8329 WI | D30: P Agik | E30: BW | F30: P Ridwan manyar | G30: 9000 | H30: 720000 | I30: Cash | J30: 350000 | K30: Cash | L30: =H30-J30 -> 370000
B31: 25 Juli | C31: S 8329 WI | D31: P Agik | E31: Panah | F31: Abah parnoto blitar | G31: 9000 | H31: 1350000 | I31: Cash | J31: 875000 | K31: Cash | L31: =H31-J31 -> 475000
B32: 27 Juli | C32: S 8329 WI | D32: P Agik | E32: Lotus | F32: Abah parnoto blitar | G32: 9000 | H32: 1350000 | I32: Cash | J32: 875000 | K32: Cash | L32: =H32-J32 -> 475000 | M32: 2080000
B33: 29 Juli | C33: S 8329 WI | D33: P Agik | E33: Jempol sip | F33: Toko Putra bumi Berkah | G33: 9000 | H33: 675000 | I33: Cash | J33: 425000 | K33: Cash | L33: =H33-J33 -> 250000
B34: 29 Juli | C34: S 8329 WI | D34: P Agik | E34: Panah | F34: Bu tutik bojonegoro kapas | G34: 9000 | H34: 1035000 | I34: TF | J34: 600000 | K34: Cash | L34: =H34-J34 -> 435000
B35: 30 Juli | C35: S 8329 WI | D35: P Agik | E35: Lotus | F35: Bu tutik bojonegoro sumber rejo | G35: 9000 | H35: 990000 | I35: TF | J35: 550000 | K35: TF | L35: =H35-J35 -> 440000
B36: 31 Juli | C36: S 8329 WI | D36: P Agik | E36: Panah | F36: Bu tutik bojonegoro kota | G36: 9000 | H36: 1125000 | I36: TF | J36: 640000 | K36: TF | L36: =H36-J36 -> 485000
L37: =SUM(L10:L36) -> 11903000 | M37: =SUM(M9:M36) -> 8307000
L38: =L37-M37 -> 3596000
B40: TANGGAL | C40: NO. POL | D40: DRIVER | E40: MERK KEDELAI | F40: PENERIMA | G40: BERAT (kg) | H40: ONGKOSAN | I40: KET | J40: SAKU SOPIR | K40: KET | L40: SETORAN | M40: KERUSAKAN
B41: 1 Agustus | C41: S 8329 WI | D41: P Agik | E41: Panah | F41: Abah muh madura | G41: 9000 | H41: 1400000 | I41: Cash | J41: 850000 | K41: TF | L41: =H41-J41 -> 550000 | M41: 0
B42: 2 Agustus | C42: S 8329 WI | D42: P Agik | E42: Panah | F42: Bu prapti nganjuk | G42: 9000 | H42: 1200000 | I42: TF | J42: 640000 | K42: TF | L42: =H42-J42 -> 560000 | M42: 0
B43: 5 Agustus | C43: S 8329 WI | D43: P Agik | E43: Jempol sip | F43: Abah slamet | G43: 9000 | H43: 1215000 | I43: TF | J43: 750000 | K43: TF | L43: =H43-J43 -> 465000 | M43: 0
B44: 6 Agustus | C44: S 8329 WI | D44: P Agik | E44: Panah | F44: Bu kasmi madiun | G44: 9000 | H44: 1350000 | I44: TF | J44: 800000 | K44: TF | L44: =H44-J44 -> 550000 | M44: 0
B45: 7 Agustus | C45: S 8329 WI | D45: P Agik | E45: Jempol sip | F45: P Suparjo ngawi | G45: 9000 | H45: 1400000 | I45: Cash | J45: 950000 | K45: TF | L45: =H45-J45 -> 450000 | M45: 0
B46: 9 Agustus | C46: S 8329 WI | D46: P Agik | E46: Lotus | F46: Abah mif | G46: 9000 | H46: 800000 | I46: TF | J46: 350000 | K46: Cash | L46: =H46-J46 -> 450000 | M46: 0
B47: 10 Agustus | C47: S 8329 WI | D47: P Agik | E47: Panah | F47: Bu prapti nganjuk | G47: 9000 | H47: 1200000 | I47: Cash | J47: 640000 | K47: Cash | L47: =H47-J47 -> 560000 | M47: 0
B48: 13 Agustus | C48: S 8329 WI | D48: P Agik | E48: Panah | F48: Abah muh madura | G48: 9000 | H48: 1400000 | I48: TF | J48: 850000 | K48: Cash | L48: =H48-J48 -> 550000 | M48: 0
B49: 14 Agustus | C49: S 8329 WI | D49: P Agik | E49: BW | F49: P Ridwan manyar | G49: 9000 | H49: 720000 | I49: Cash | J49: 350000 | K49: Cash | L49: =H49-J49 -> 370000 | M49: 0
B50: 14 Agustus | C50: S 8329 WI | D50: P Agik | E50: Panah | F50: Abah zakaria jombang | G50: 9000 | H50: 990000 | I50: Cash | J50: 500000 | K50: Cash | L50: =H50-J50 -> 490000 | M50: 0
B51: 16 Agustus | C51: S 8329 WI | D51: P Agik | E51: Panah | F51: Bu tutik bojonegoro | G51: 9000 | H51: 1125000 | I51: Cash | J51: 640000 | K51: Cash | L51: =H51-J51 -> 485000 | M51: 0
B52: 19 Agustus | C52: S 8329 WI | D52: P Agik | E52: Hiu | F52: Bu kasmi madiun | G52: 10000 | H52: 1500000 | I52: TF | J52: 850000 | K52: Cash | L52: =H52-J52 -> 650000 | M52: 705000
... B60: 30 Agustus | C60: S 8329 WI | D60: P Agik | E60: Pakan Ternak | F60: Srengat Blitar | G60: 10000 | H60: 1400000 | I60: TF | J60: 900000 | K60: TF | L60: =H60-J60 -> 500000 | M60: 0
L61: =SUM(L41:L60) -> 10155000 | M61: =SUM(M41:M60) -> 705000
L62: =L61-M61 -> 9450000
B64: TANGGAL | C64: NO. POL | D64: DRIVER | E64: MERK KEDELAI | F64: PENERIMA | G64: BERAT (kg) | H64: ONGKOSAN | I64: KET | J64: SAKU SOPIR | K64: KET | L64: SETORAN | M64: KERUSAKAN
B65: 45537 | C65: S 8329 WI | D65: P Agik | E65: Pakan Ternak | F65: Tulung Agung | G65: 9060 | H65: 1268400 | I65: TF | J65: 900000 | K65: TF | L65: =H65-J65 -> 368400
B66: 45539 | C66: S 8329 WI | D66: P Agik | E66: Panah | F66: Abah zakaria Jombang | G66: 10000 | H66: 1100000 | I66: TF | J66: 600000 | K66: TF | L66: =H66-J66 -> 500000
B67: 45540 | C67: A 9108 A | D67: P Agik | E67: Hiu 3 ton + Lotus 6 ton | F67: Bu qusaimah | G67: 9000 | H67: 1100000 | I67: TF | J67: 650000 | K67: TF | L67: =H67-J67 -> 450000
B68: 45542 | C68: A 9108 A | D68: P Agik | E68: Panah | F68: Bu prapti nganjuk | G68: 9000 | H68: 1215000 | I68: TF | J68: 640000 | K68: TF | L68: =H68-J68 -> 575000 | M68: 625000
B69: 45544 | C69: A 9108 A | D69: P Agik | E69: Pakan Ternak | F69: Tulung Agung | G69: 9640 | H69: 1349600 | I69: TF | J69: 900000 | K69: TF | L69: =H69-J69 -> 449600
B70: 45546 | C70: A 9108 A | D70: P Agik | E70: CGC | F70: Srengat Blitar | G70: 9700 | H70: 1358000 | I70: TF | J70: 900000 | K70: TF | L70: =H70-J70 -> 458000
B71: 45548 | C71: A 9108 A | D71: P Agik | E71: Hiu | F71: Bu kasmi madiun | G71: 10000 | H71: 1500000 | I71: TF | J71: 850000 | K71: TF | L71: =H71-J71 -> 650000 | M71: 260000
B72: 45551 | C72: A 9108 A | D72: P Agik | E72: Pakan Ternak | F72: Tulung Agung | G72: 10000 | H72: 1400000 | I72: TF | J72: 900000 | K72: Cash | L72: =H72-J72 -> 500000
B73: 45553 | C73: A 9108 A | D73: P Agik | E73: Lotus | F73: Abah Yudi Burno | G73: 9000 | H73: 900000 | I73: Cash | J73: 500000 | K73: Cash | L73: =H73-J73 -> 400000
B74: 45554 | C74: A 9108 A | D74: P Agik | E74: CGF | F74: Wonotirto blitar | G74: 8180 | H74: 1200000 | I74: TF | J74: 800000 | K74: TF | L74: =H74-J74 -> 400000
B75: 45555 | C75: A 9108 A | D75: P Agik | E75: Hiu 4 ton + Lotus 5 ton | F75: Bu qusaimah | G75: 9000 | H75: 1100000 | I75: TF | J75: 650000 | K75: TF | L75: =H75-J75 -> 450000
B76: 45556 | C76: A 9108 A | D76: P Agik | E76: Pakan Ternak | F76: Tulung Agung | G76: 9600 | H76: 1344000 | I76: TF | J76: 900000 | K76: TF | L76: =H76-J76 -> 444000
B77: 45558 | C77: A 9108 A | D77: P Agik | E77: CGF | F77: Tulung Agung | G77: 9340 | H77: 1307600 | I77: TF | J77: 900000 | K77: TF | L77: =H77-J77 -> 407600
B78: 45561 | C78: A 9108 A | D78: P Agik | E78: CGF | F78: Wonotirto blitar | G78: 8000 | H78: 1500000 | I78: TF | J78: 1000000 | K78: TF | L78: =H78-J78 -> 500000
B79: 45562 | C79: A 9108 A | D79: P Agik | E79: Panah | F79: Abah Parnoto Blitar | G79: 9000 | H79: 1350000 | I79: Cash | J79: 850000 | K79: TF | L79: =H79-J79 -> 500000
B80: 45563 | C80: A 9108 A | D80: P Agik | E80: CGF | F80: Srengat Blitar | G80: 9380 | H80: 1313200 | I80: TF | J80: 900000 | K80: Cash | L80: =H80-J80 -> 413200
B81: 45565 | C81: A 9108 A | D81: P Agik | E81: CGF | F81: Srengat Blitar | G81: 9380 | H81: 1313200 | I81: TF | J81: 900000 | K81: TF | L81: =H81-J81 -> 413200
L82: =SUM(L65:L81) -> 7879000 | M82: =SUM(M65:M81) -> 885000
L83: =L82-M82 -> 6994000
B85: TANGGAL | C85: NO. POL | D85: DRIVER | E85: MERK KEDELAI | F85: PENERIMA | G85: BERAT (kg) | H85: ONGKOSAN | I85: KET | J85: SAKU SOPIR | K85: KET | L85: SETORAN | M85: KERUSAKAN
B86: 45567 | C86: A 9108 A | D86: P Agik | E86: CGF | F86: Srengat Blitar | G86: 9280 | H86: 1299200 | I86: TF | J86: 900000 | K86: TF | L86: =H86-J86 -> 399200
B87: 45568 | C87: A 9108 A | D87: P Agik | E87: CGF | F87: Jember | G87: 9200 | H87: 1500000 | I87: TF | J87: 900000 | K87: TF | L87: =H87-J87 -> 600000
B88: 45569 | C88: A 9108 A | D88: P Agik | E88: CGF | F88: Srengat Blitar | G88: 10420 | H88: 1458800 | I88: TF | J88: 900000 | K88: TF | L88: =H88-J88 -> 558800
B89: 45572 | C89: A 9108 A | D89: P Agik | E89: CGF | F89: Tulung Agung | G89: 8940 | H89: 1251600 | I89: TF | J89: 900000 | K89: TF | L89: =H89-J89 -> 351600
B90: 45574 | C90: A 9108 A | D90: P Agik | E90: Panah | F90: Abah Muh Madura | G90: 9000 | H90: 1400000 | I90: TF | J90: 850000 | K90: TF | L90: =H90-J90 -> 550000 | M90: 2870000 | N90: nota Belum
B91: 45575 | C91: A 9108 A | D91: P Agik | E91: CGF | F91: Srengat Blitar | G91: 8980 | H91: 1257200 | I91: TF | J91: 900000 | K91: TF | L91: =H91-J91 -> 357200
B92: 45576 | C92: A 9108 A | D92: P Agik | E92: Panah | F92: Abah Pranoto Blitar | G92: 9000 | H92: 1350000 | I92: Cash | J92: 875000 | K92: TF | L92: =H92-J92 -> 475000
B93: 45577 | C93: A 9108 A | D93: P Agik | E93: CGF | F93: Tulung Agung | G93: 9400 | H93: 1316000 | I93: TF | J93: 900000 | K93: TF | L93: =H93-J93 -> 416000
B94: 45578 | C94: A 9108 A | D94: P Agik | E94: CGF | F94: Jember | G94: 9000 | H94: 1500000 | I94: TF | J94: 900000 | K94: Cash | L94: =H94-J94 -> 600000 | M94: 150000
B95: 45582 | C95: A 9108 A | D95: P Agik | E95: CGF | F95: Srengat Blitar | G95: 10040 | H95: 1405600 | I95: TF | J95: 900000 | K95: TF | L95: =H95-J95 -> 505600
B96: 45583 | C96: A 9108 A | D96: P Agik | E96: CGF | F96: Tulung Agung | G96: 9180 | H96: 1285200 | I96: TF | J96: 900000 | K96: TF | L96: =H96-J96 -> 385200
B97: 45587 | C97: A 9108 A | D97: P Agik | E97: CGF | F97: Bu Andin | G97: 9000 | H97: 1500000 | I97: TF | J97: 1050000 | K97: TF | L97: =H97-J97 -> 450000
B98: 45588 | C98: A 9108 A | D98: P Agik | E98: CGF | F98: Srengat Blitar | G98: 9260 | H98: 1296400 | I98: TF | J98: 900000 | K98: TF | L98: =H98-J98 -> 396400
B99: 45590 | C99: A 9108 A | D99: P Agik | E99: CGF | F99: Tulung Agung | G99: 9060 | H99: 1268400 | I99: TF | J99: 900000 | K99: TF | L99: =H99-J99 -> 368400
B100: 45593 | C100: A 9108 A | D100: P Agik | E100: Hiu | F100: Bu Kasmi Madiun | G100: 10000 | H100: 1500000 | I100: TF | J100: 850000 | K100: TF | L100: =H100-J100 -> 650000
B101: 45595 | C101: A 9108 A | D101: P Agik | E101: Lotus | F101: Abah slamet tobo | G101: 9000 | H101: 1215000 | I101: TF | J101: 700000 | K101: TF | L101: =H101-J101 -> 515000
B102: 45596 | C102: A 9108 A | D102: P Agik | E102: Lotus | F102: Pak ramin ngawi | G102: 10000 | H102: 1600000 | I102: TF | J102: 900000 | K102: TF | L102: =H102-J102 -> 700000
L103: =SUM(L85:L102) -> 8278400 | M103: =SUM(M85:M102) -> 3020000
L104: =L103-M103 -> 5258400
A106: NO | B106: TANGGAL | C106: NO. POL | D106: DRIVER | E106: MERK KEDELAI | F106: PENERIMA | G106: BERAT (kg) | H106: ONGKOSAN | I106: KET | J106: SAKU SOPIR | K106: KET | L106: SETORAN | M106: KERUSAKAN
A107: 1 | B107: 45597 | C107: A 9108 A | D107: P Agik | E107: CGF | F107: Tulung Agung | G107: 9340 | H107: 1307600 | I107: TF | J107: 900000 | K107: TF | L107: =H107-J107 -> 407600
A108: 2 | B108: 45600 | C108: A 9108 A | D108: P Agik | E108: CGF | F108: Wonotirto blitar | G108: 8000 | H108: 1500000 | I108: TF | J108: 1000000 | K108: TF | L108: =H108-J108 -> 500000 | M108: 1093000
A109: 3 | B109: 45602 | C109: A 9108 A | D109: P Agik | E109: CGF | F109: Bu Andin | G109: 9000 | H109: 1500000 | I109: TF | J109: 1050000 | K109: TF | L109: =H109-J109 -> 450000
A110: 4 | B110: 45603 | C110: A 9108 A | D110: P Agik | E110: CGF | F110: Tulung Agung | G110: 9520 | H110: 1332800 | I110: TF | J110: 900000 | K110: TF | L110: =H110-J110 -> 432800
A111: 5 | B111: 45605 | C111: A 9108 A | D111: P Agik | E111: CGF | F111: Srengat Blitar | G111: 8720 | H111: 1220800 | I111: TF | J111: 900000 | K111: TF | L111: =H111-J111 -> 320800 | M111: 365000
A112: 6 | B112: 45607 | C112: A 9108 A | D112: P Agik | E112: CGF | F112: Jember | G112: 9000 | H112: 1500000 | I112: TF | J112: 900000 | K112: TF | L112: =H112-J112 -> 600000
...

Sheet P SENO (S9509NG)
B1: TANGGAL | C1: NO. POL | D1: DRIVER | E1: MERK KEDELAI | F1: PENERIMA | G1: BERAT (kg) | H1: ONGKOSAN | I1: KET | J1: SAKU SOPIR | K1: KET | L1: SETORAN | M1: KERUSAKAN
B2: 23 Juli | C2: N 8613 EW | D2: M Endris | E2: Hiu | F2: Bu kasmi madiun | G2: 10000 | H2: 1500000 | I2: Cash | J2: 850000 | K2: Cash | L2: =H2-J2 -> 650000
B3: 24 Juli | C3: N 8613 EW | D3: M Endris | E3: Hiu | F3: Mba Nur Kopti Mojokerto | G3: 9000 | H3: 765000 | I3: TF | J3: 450000 | K3: TF | L3: =H3-J3 -> 315000
B4: 25 Juli | C4: N 8613 EW | D4: M Endris | E4: Panah | F4: P Yanto porong | G4: 10000 | H4: 900000 | I4: TF | J4: 500000 | K4: Cash | L4: =H4-J4 -> 400000
B5: 26 Juli | C5: N 8613 EW | D5: M Endris | E5: Hiu | F5: P Yanto porong | G5: 10000 | H5: 900000 | I5: TF | J5: 500000 | K5: Cash | L5: =H5-J5 -> 400000
B6: 27 Juli | C6: N 8613 EW | D6: M Endris | E6: Panah | F6: Bu tutik bojonegoro kota | G6: 9000 | H6: 1125000 | I6: Cash | J6: 640000 | K6: Cash | L6: =H6-J6 -> 485000
B7: 29 Juli | C7: N 8613 EW | D7: M Endris | E7: Lotus | F7: P Jamil ngawi | G7: 9000 | H7: 1395000 | I7: Cash | J7: 900000 | K7: Cash | L7: =H7-J7 -> 495000
B8: 30 Juli | C8: N 8613 EW | D8: M Endris | E8: Lotus | F8: P Jamil ngawi | G8: 9000 | H8: 1395000 | I8: Cash | J8: 900000 | K8: TF | L8: =H8-J8 -> 495000 | M8: 81000
L9: =SUM(L2:L8) -> 3240000 | M9: =SUM(M2:M8) -> 81000
L10: =L9-M9 -> 3159000
B12: TANGGAL | C12: NO. POL | D12: DRIVER | E12: MERK KEDELAI | F12: PENERIMA | G12: BERAT (kg) | H12: ONGKOSAN | I12: KET | J12: SAKU SOPIR | K12: KET | L12: SETORAN | M12: KERUSAKAN
B13: 1 Agustus | C13: N 8613 EW | D13: M Endris | E13: Lotus | F13: P Ridwan manyar | G13: 9000 | H13: 720000 | I13: Cash | J13: 350000 | K13: Cash | L13: =H13-J13 -> 370000 | M13: 255000
B14: 3 Agustus | C14: N 8613 EW | D14: M Endris | E14: Jempol sip | F14: P Anwar porong | G14: 8000 | H14: 800000 | I14: Cash | J14: 450000 | K14: Cash | L14: =H14-J14 -> 350000 | M14: 0
B15: 5 Agustus | C15: N 8613 EW | D15: M Endris | E15: Bola | F15: P Anwar porong | G15: 9000 | H15: 810000 | I15: TF | J15: 400000 | K15: Cash | L15: =H15-J15 -> 410000 | M15: 0
B16: 6 Agustus | C16: N 8613 EW | D16: M Endris | E16: Lotus | F16: P Ridwan manyar | G16: 9000 | H16: 720000 | I16: TF | J16: 350000 | K16: Cash | L16: =H16-J16 -> 370000 | M16: 0
B17: 7 Agustus | C17: N 8613 EW | D17: M Endris | E17: Panah | F17: P Yanto porong | G17: 10000 | H17: 900000 | I17: TF | J17: 500000 | K17: Cash | L17: =H17-J17 -> 400000 | M17: 0
B18: 7 Agustus | C18: N 8613 EW | D18: M Endris | E18: Panah | F18: Bu tutik bojonegoro | G18: 9000 | H18: 1125000 | I18: Cash | J18: 640000 | K18: Cash | L18: =H18-J18 -> 485000 | M18: 0
B19: 8 Agustus | C19: N 8613 EW | D19: M Endris | E19: Panah | F19: Mba tiwuk nganjuk | G19: 9000 | H19: 1170000 | I19: Cash | J19: 640000 | K19: Cash | L19: =H19-J19 -> 530000 | M19: 0
B20: 10 Agustus | C20: N 8613 EW | D20: M Endris | E20: P Arif blitar | F20: Bu kasmi | G20: 10000 | H20: 1500000 | I20: TF | J20: 850000 | K20: Cash | L20: =H20-J20 -> 650000 | M20: 271000
B21: 13 Agustus | C21: N 8613 EW | D21: M Endris | E21: Tumpi Panah | F21: P Arif blitar | G21: 6749.5 | H21: 2024850 | I21: Cash | J21: 900000 | K21: Cash | L21: =H21-J21 -> 1124850 | M21: 725000
B22: 14 Agustus | C22: N 8613 EW | D22: M Endris | E22: Tumpi Panah | F22: P Arif blitar | G22: 6597.5 | H22: 1979250 | I22: Cash | J22: 900000 | K22: Cash | L22: =H22-J22 -> 1079250 | M22: 0
B23: 15 Agustus | C23: N 8613 EW | D23: M Endris | E23: Panah | F23: Bu tutik bojonegoro kapas | G23: 9000 | H23: 1035000 | I23: Cash | J23: 600000 | K23: Cash | L23: =H23-J23 -> 435000 | M23: 0
B24: 16 Agustus | C24: N 8613 EW | D24: M Endris | E24: Panah | F24: P Anwar porong | G24: 9000 | H24: 900000 | I24: TF | J24: 400000 | K24: Cash | L24: =H24-J24 -> 500000 | M24: 0
B25: 18 Agustus | C25: N 8613 EW | D25: M Endris | F25: Mba tiwuk nganjuk | L25: 200000 | M25: 0
B26: 20 Agustus | C26: N 8613 EW | D26: M Endris | E26: Lotus | G26: 9000 | H26: 1170000 | I26: Cash | J26: 640000 | K26: Cash | L26: =H26-J26 -> 530000 | M26: 0
B27: 21 Agustus | C27: N 8613 EW | D27: M Endris | E27: Super bean | F27: P Ridwan manyar | G27: 9000 | H27: 720000 | I27: Cash | J27: 350000 | K27: Cash | L27: =H27-J27 -> 370000 | M27: 235000
B28: 22 Agustus | C28: N 8613 EW | D28: M Endris | E28: Panah | F28: Abah parnoto blitar | G28: 9000 | H28: 1350000 | I28: Cash | J28: 875000 | K28: Cash | L28: =H28-J28 -> 475000 | M28: 625000
B29: 24 Agustus | C29: N 8613 EW | D29: M Endris | E29: Hiu | F29: P Yanto porong | G29: 9000 | H29: 810000 | I29: TF | J29: 450000 | K29: Cash | L29: =H29-J29 -> 360000 | M29: 0
B30: 25 Agustus | C30: N 8613 EW | D30: M Endris | E30: Pakan Ternak | F30: Srengat Blitar | G30: 10420 | H30: 1458800 | I30: TF | J30: 1000000 | K30: TF | L30: =H30-J30 -> 458800 | M30: 0
B31: 26 Agustus | C31: N 8613 EW | D31: M Endris | E31: Panah | F31: Bu tutik Kapas | G31: 9000 | H31: 1035000 | I31: Cash | J31: 600000 | K31: Cash | L31: =H31-J31 -> 435000 | M31: 2254000
B32: 27 Agustus | C32: N 8613 EW | D32: M Endris | E32: Pakan Ternak | F32: Pujon | G32: 9000 | H32: 1100000 | I32: TF | J32: 725000 | K32: Cash | L32: =H32-J32 -> 375000 | M32: 0
B33: 30 Agustus | C33: N 8613 EW | D33: M Endris | E33: Hiu | F33: Bu iin sepanjang | G33: 9000 | H33: 675000 | I33: TF | J33: 375000 | K33: Cash | L33: =H33-J33 -> 300000 | M33: 50000
B34: 31 Agustus | C34: N 8613 EW | D34: M Endris | E34: Panah | F34: Bu tutik bojonegoro | G34: 9000 | H34: 1035000 | I34: Cash | J34: 600000 | K34: Cash | L34: =H34-J34 -> 435000 | M34: 0
L35: =SUM(L13:L34) -> 10642900 | M35: =SUM(M13:M33) -> 4415000
L36: =L35-M35 -> 6227900
B38: TANGGAL | C38: NO. POL | D38: DRIVER | E38: MERK KEDELAI | F38: PENERIMA | G38: BERAT (kg) | H38: ONGKOSAN | I38: KET | J38: SAKU SOPIR | K38: KET | L38: SETORAN | M38: KERUSAKAN
B39: 45537 | C39: N 8613 EW | D39: M Endris | E39: Bola | F39: P Anwar porong | G39: 8000 | H39: 800000 | I39: TF | J39: 400000 | K39: Cash | L39: =H39-J39 -> 400000 | M39: 1695000
B40: 45538 | C40: N 8613 EW | D40: M Endris | E40: Lotus | F40: Abah slamet tobo | G40: 9000 | H40: 1215000 | I40: TF | J40: 700000 | K40: Cash | L40: =H40-J40 -> 515000
B41: 45539 | C41: N 8613 EW | D41: M Endris | E41: Jempol Sip | F41: Abah slamet tobo | G41: 9000 | H41: 1215000 | I41: TF | J41: 750000 | K41: Cash | L41: =H41-J41 -> 465000
B42: 45540 | C42: N 8613 EW | D42: M Endris | E42: Hiu | F42: P Yanto porong | G42: 10000 | H42: 900000 | I42: TF | J42: 500000 | K42: TF | L42: =H42-J42 -> 400000
B43: 45540 | C43: N 8613 EW | D43: M Endris | E43: Hiu | F43: Mba Nur kopti Mojokerto | G43: 9000 | H43: 765000 | I43: TF | J43: 450000 | K43: Cash | L43: =H43-J43 -> 315000
B44: 45541 | C44: N 8613 EW | D44: M Endris | E44: Hiu | F44: Toko putra bumi berkah | G44: 9000 | H44: 675000 | I44: Cash | J44: 350000 | K44: Cash | L44: =H44-J44 -> 325000 | M44: 130000
B45: 45542 | C45: N 8613 EW | D45: M Endris | E45: Hiu | F45: Bu kasmi madiun | G45: 10000 | H45: 1500000 | I45: TF | J45: 850000 | K45: Cash | L45: =H45-J45 -> 650000 | M45: 80000
B46: 45544 | C46: N 8613 EW | D46: M Endris | E46: Lotus | F46: P Yanto porong | G46: 8000 | H46: 800000 | I46: TF | J46: 400000 | K46: Cash | L46: =H46-J46 -> 400000 | M46: 180000
B47: 45545 | C47: N 8613 EW | D47: M Endris | E47: Panah | F47: P Anwar porong | G47: 8000 | H47: 800000 | I47: Cash | J47: 400000 | K47: Cash | L47: =H47-J47 -> 400000
B48: 45546 | C48: N 8613 EW | D48: M Endris | E48: Panah | F48: Abah Zakaria Jombang | G48: 9000 | H48: 990000 | I48: TF | J48: 600000 | K48: Cash | L48: =H48-J48 -> 390000
B49: 45547 | C49: N 8613 EW | D49: M Endris | E49: Panah | F49: Toko putra bumi berkah | G49: 1000 | H49: 75000 | I49: Cash | J49: 38000 | K49: Cash | L49: =H49-J49 -> 37000
B50: 45547 | C50: N 8613 EW | D50: M Endris | E50: Hiu | F50: Toko putra bumi berkah | G50: 9000 | H50: 675000 | I50: Cash | J50: 350000 | K50: Cash | L50: =H50-J50 -> 325000
B51: 45549 | C51: N 8613 EW | D51: M Endris | E51: Panah | F51: Abah Zakaria Jombang | G51: 10000 | H51: 1100000 | I51: TF | J51: 600000 | K51: Cash | L51: =H51-J51 -> 500000
B52: 45552 | C52: N 8613 EW | D52: M Endris | E52: Lotus | F52: Mba Nur kopti Mojokerto | G52: 9000 | H52: 765000 | I52: TF | J52: 450000 | K52: TF | L52: =H52-J52 -> 315000
B53: 45552 | C53: N 8613 EW | D53: M Endris | E53: Lotus | F53: P Saiku malang | G53: 9000 | H53: 1305000 | I53: TF | J53: 725000 | K53: Cash | L53: =H53-J53 -> 580000 | M53: 201000
B54: 45553 | C54: N 8613 EW | D54: M Endris | E54: Hiu | F54: Mba Nur kopti Mojokerto | G54: 9000 | H54: 765000 | I54: TF | J54: 450000 | K54: TF | L54: =H54-J54 -> 315000
B55: 45554 | C55: N 8613 EW | D55: M Endris | E55: Tumpi FKS | F55: P Arif blitar | G55: 4974.8 | H55: 1492440 | I55: TF | J55: 900000 | K55: TF | L55: =H55-J55 -> 592440 | M55: 150000
B56: 45555 | C56: N 8613 EW | D56: M Endris | E56: Panah | F56: Bu kasmi madiun | G56: 10000 | H56: 1500000 | I56: TF | J56: 850000 | K56: TF | L56: =H56-J56 -> 650000
B57: 45556 | C57: N 8613 EW | D57: M Endris | E57: Panah | F57: Bu tutik kapas | G57: 9000 | H57: 1035000 | I57: Cash | J57: 600000 | K57: TF | L57: =H57-J57 -> 435000 | M57: 351000
B58: 45558 | C58: N 8613 EW | D58: M Endris | E58: Tumpi panah | F58: P Arif blitar | G58: 61.30,5 | H58: 1839150 | I58: TF | J58: 900000 | K58: TF | L58: =H58-J58 -> 939150
B59: 45561 | C59: N 8613 EW | D59: M Endris | E59: Panah | F59: Pak Anwar porong | G59: 8000 | H59: 800000 | I59: TF | J59: 400000 | K59: Cash | L59: =H59-J59 -> 400000 | M59: 196000
B60: 45562 | C60: N 8613 EW | D60: M Endris | E60: Panah | F60: Pak Rudi Sidoarjo | G60: 9000 | H60: 720000 | I60: Cash | J60: 400000 | K60: Cash | L60: =H60-J60 -> 320000
B61: 45563 | C61: N 8613 EW | D61: M Endris | E61: Jempol Sip | F61: Abah slamet tobo | G61: 10000 | H61: 1350000 | I61: TF | J61: 800000 | K61: TF | L61: =H61-J61 -> 550000
B62: 45564 | C62: N 8613 EW | D62: M Endris | E62: Lotus | F62: Abah Mif kopti giri jaya | G62: 9000 | H62: 820000 | I62: TF | J62: 350000 | K62: TF | L62: =H62-J62 -> 470000
B63: 45565 | C63: N 8613 EW | D63: M Endris | E63: Panah | F63: Abah parnoto blitar | G63: 9000 | H63: 1350000 | I63: Cash | J63: 875000 | K63: TF | L63: =H63-J63 -> 475000
L64: =SUM(L39:L63) -> 11163590 | M64: =SUM(M39:M63) -> 2983000
L65: =L64-M64 -> 8180590
B67: TANGGAL | C67: NO. POL | D67: DRIVER | E67: MERK KEDELAI | F67: PENERIMA | G67: BERAT (kg) | H67: ONGKOSAN | I67: KET | J67: SAKU SOPIR | K67: KET | L67: SETORAN | M67: KERUSAKAN
B68: 45566 | C68: N 8613 EW | D68: M Endris | E68: Hiu | F68: Bu Kasmi madiun | G68: 10000 | H68: 1500000 | I68: TF | J68: 850000 | K68: TF | L68: =H68-J68 -> 650000
B69: 45567 | C69: N 8613 EW | D69: M Endris | E69: Hiu | F69: Mba Nur kopti Mojokerto | G69: 9000 | H69: 765000 | I69: TF | J69: 450000 | K69: TF | L69: =H69-J69 -> 315000
B70: 45568 | C70: N 8613 EW | D70: M Endris | E70: Tumpi Lotus | F70: P Arif blitar | G70: 6613 | H70: 1983900 | I70: TF | J70: 900000 | K70: TF | L70: =H70-J70 -> 1083900
B71: 45569 | C71: N 8613 EW | D71: M Endris | E71: Hiu + Bola | F71: Pak Rudi Sidoarjo | G71: 9000 | H71: 720000 | I71: Cash | J71: 400000 | K71: TF | L71: =H71-J71 -> 320000
B72: 45573 | C72: N 8613 EW | D72: M Endris | E72: Tumpi Lotus | F72: P Arif blitar | G72: 6600 | H72: 1974150 | I72: TF | J72: 900000 | K72: Cash | L72: =H72-J72 -> 1074150
B73: 45574 | C73: N 8613 EW | D73: M Endris | E73: Jempol Sip | F73: Abah slamet tobo | G73: 9000 | H73: 1215000 | I73: TF | J73: 750000 | K73: TF | L73: =H73-J73 -> 465000 | M73: 706000
B74: 45575 | C74: N 8613 EW | D74: M Endris | E74: Tumpi Bola | F74: P Arif blitar | G74: 5002.5 | H74: 1500750 | I74: TF | J74: 900000 | K74: TF | L74: =H74-J74 -> 600750
B75: 45576 | C75: N 8613 EW | D75: M Endris | E75: Bola | F75: P Anwar Porong | G75: 6000 | H75: 550000 | I75: Cash | J75: 400000 | K75: Cash | L75: =H75-J75 -> 150000
B76: 45577 | C76: N 8613 EW | D76: M Endris | E76: BW | F76: P Ridwan manyar | G76: 9000 | H76: 720000 | I76: Cash | J76: 350000 | K76: Cash | L76: =H76-J76 -> 370000
B77: 45578 | C77: N 8613 EW | D77: M Endris | E77: Hiu | F77: Bu Kasmi madiun | G77: 10000 | H77: 1500000 | I77: TF | J77: 850000 | K77: Cash | L77: =H77-J77 -> 650000 | M77: 670000
B78: 45581 | C78: N 8613 EW | D78: M Endris | E78: Panah | F78: Toko Putra Bumi Berkah | G78: 9000 | H78: 675000 | I78: Cash | J78: 350000 | K78: Cash | L78: =H78-J78 -> 325000
B79: 45582 | C79: N 8613 EW | D79: M Endris | E79: Lotus | F79: Bu iin Sepanjang | G79: 10000 | H79: 750000 | I79: TF | J79: 425000 | K79: Cash | L79: =H79-J79 -> 325000
B80: 45583 | C80: N 8613 EW | D80: M Endris | E80: Superbeen | F80: Bu Tutik bojonegoro (kapas) | G80: 9000 | H80: 1035000 | I80: Cash | J80: 600000 | K80: Cash | L80: =H80-J80 -> 435000
B81: 45584 | C81: N 8613 EW | D81: M Endris | E81: Tumpi FKs | F81: P Arif blitar | G81: 5000 | H81: 1494000 | I81: TF | J81: 900000 | K81: Cash | L81: =H81-J81 -> 594000 | M81: 448000
B82: 45586 | C82: N 8613 EW | D82: M Endris | E82: BW | F82: P Ridwan manyar | G82: 9000 | H82: 720000 | I82: TF | J82: 350000 | K82: Cash | L82: =H82-J82 -> 370000
B83: 45587 | C83: N 8613 EW | D83: M Endris | E83: Panah | F83: Mba tiwuk | G83: 9000 | H83: 1170000 | I83: Cash | J83: 640000 | K83: Cash | L83: =H83-J83 -> 530000
B84: 45588 | C84: N 8613 EW | D84: M Endris | E84: Lotus | F84: Bu iin Sepanjang | G84: 9000 | H84: 675000 | I84: TF | J84: 375000 | K84: Cash | L84: =H84-J84 -> 300000
B85: 45589 | C85: N 8613 EW | D85: M Endris | E85: Lotus | F85: Abah yudi baureno | G85: 9000 | H85: 900000 | I85: Cash | J85: 500000 | K85: Cash | L85: =H85-J85 -> 400000
B86: 45590 | C86: N 8613 EW | D86: M Endris | E86: Lotus | F86: Toko Putra Bumi Berkah | G86: 9000 | H86: 675000 | I86: Cash | J86: 350000 | K86: Cash | L86: =H86-J86 -> 325000
B87: 45591 | C87: N 8613 EW | D87: M Endris | E87: Hiu | F87: Pak Yanto Porong | G87: 9000 | H87: 810000 | I87: TF | J87: 450000 | K87: Cash | L87: =H87-J87 -> 360000
B88: 45593 | C88: N 8613 EW | D88: M Endris | E88: Panah | F88: Bu Eni Tulangin | G88: 9000 | H88: 800000 | I88: Cash | J88: 400000 | K88: Cash | L88: =H88-J88 -> 400000 | N88: sisa saku mas endris 100
B89: 45594 | C89: N 8613 EW | D89: M Endris | E89: Hiu | F89: Toko Putra Bumi Berkah | G89: 10000 | H89: 750000 | I89: Cash | J89: 375000 | K89: Cash | L89: =H89-J89 -> 375000 | N89: yg 70 di mba vira
B90: 45595 | C90: N 8613 EW | D90: M Endris | E90: Tumpi Panah | F90: P Arif blitar | G90: 5000 | H90: 1605750 | I90: TF | J90: 900000 | K90: Cash | L90: =H90-J90 -> 705750
B91: 45596 | C91: N 8613 EW | D91: M Endris | E91: Tumpi Bola | F91: P Arif blitar | G91: 5000 | H91: 1495350 | I91: TF | J91: 900000 | K91: TF | L91: =H91-J91 -> 595350 | M91: 500000
L92: =SUM(L68:L91) -> 11718900 | M92: =SUM(M68:M91) -> 2324000
L93: =L92-M92 -> 9394900
A95: NO | B95: TANGGAL | C95: NO. POL | D95: DRIVER | E95: MERK KEDELAI | F95: PENERIMA | G95: BERAT (kg) | H95: ONGKOSAN | I95: KET | J95: SAKU SOPIR | K95: KET | L95: SETORAN | M95: KERUSAKAN
A96: 1 | B96: 45597 | C96: N 8613 EW | D96: M Endris | E96: Panah | F96: Abah parnoto blitar | G96: 9000 | H96: 1350000 | I96: Cash | J96: 875000 | K96: Cash | L96: =H96-J96 -> 475000
A97: 2 | B97: 45600 | C97: N 8613 EW | D97: M Endris | E97: Menir FKS | F97: Semarang | G97: 9000 | H97: 2520000 | I97: TF | J97: 1500000 | K97: Cash | L97: =H97-J97 -> 1020000 | M97: 201000
A98: 3 | B98: 45602 | C98: N 8613 EW | D98: M Endris | E98: Hiu | F98: Bu Kasmi madiun | G98: 10000 | H98: 1500000 | I98: TF | J98: 850000 | K98: Cash | L98: =H98-J98 -> 650000
A99: 4 | B99: 45603 | C99: N 8613 EW | D99: M Endris | E99: Tumpi Lotus | F99: P Arif blitar | G99: 5000 | H99: 1761675 | I99: TF | J99: 900000 | K99: TF | L99: =H99-J99 -> 861675
A100: 5 | B100: 45604 | C100: N 8613 EW | D100: M Endris | E100: Tumpi Tulip | F100: P Arif blitar | G100: 5000 | H100: 2391750 | I100: TF | J100: 900000 | K100: TF | L100: =H100-J100 -> 1491750
A101: 6 | B101: 45607 | C101: N 8613 EW | D101: M Endris | E101: Hiu | F101: Abah Muh Madura | G101: 9000 | H101: 1400000 | I101: TF | J101: 850000 | K101: Cash | L101: =H101-J101 -> 550000
A102: 7 | B102: 45608 | C102: N 8613 EW | D102: M Endris | E102: Hiu | F102: Bu Prapti Nganjuk | G102: 9000 | H102: 1200000 | I102: Cash | J102: 640000 | K102: TF | L102: =H102-J102 -> 560000
A103: 8 | B103: 45611 | C103: N 8613 EW | D103: M Endris | E103: Menir FKS | F103: Demak Semarang | G103: 9000 | H103: 2520000 | I103: TF | J103: 1500000 | K103: Cash | L103: =H103-J103 -> 1020000 | M103: 131000
A104: 9 | B104: 45614 | C104: N 8613 EW | D104: M Endris | E104: Lotus | F104: Toko Putra Bumi Berakh | G104: 11000 | H104: 825000 | I104: Cash | J104: 400000 | K104: TF | L104: =H104-J104 -> 425000
...

Sheet P YOYOK (A9379CO)
A1: NO | B1: TANGGAL | C1: NO. POL | D1: DRIVER | E1: MERK KEDELAI | F1: PENERIMA | G1: BERAT (kg) | H1: ONGKOSAN | I1: KET | J1: SAKU SOPIR | K1: KET | L1: SETORAN | M1: KERUSAKAN
A2: 1 | B2: 45681 | C2: A 8379 CO | D2: Pak Yoyok | E2: hiu | F2: bu kasmi madiun | G2: 10000 | H2: 1500000 | I2: tf | J2: 850000 | K2: cash | L2: =H2-J2 -> 650000
A3: 2 | B3: 45682 | C3: A 8379 CO | D3: Pak Yoyok | E3: tulip | F3: abah slamet tobo | G3: 9000 | H3: 1215000 | I3: tf | J3: 725000 | K3: cash | L3: =H3-J3 -> 490000 | M3: 40000
A4: 3 | B4: 45682 | C4: A 8379 CO | D4: Pak Yoyok | E4: panah | F4: bu yeni ngawi | G4: 10000 | H4: 1500000 | I4: tf | J4: 975000 | K4: cash | L4: =H4-J4 -> 525000 | M4: 1126000 | N4: aku kurang 1000
L6: =SUM(L2:L5) -> 1665000 | M6: =SUM(M2:M4) -> 1166000
L7: =L6-M6 -> 499000
A9: NO | B9: TANGGAL | C9: NO. POL | D9: DRIVER | E9: MERK KEDELAI | F9: PENERIMA | G9: BERAT (kg) | H9: ONGKOSAN | I9: KET | J9: SAKU SOPIR | K9: KET | L9: SETORAN | M9: KERUSAKAN
A10: 1 | B10: 45689 | C10: A 8379 CO | D10: Pak Yoyok | E10: hiu | F10: Bu kasmi madiun | G10: 10000 | H10: 1500000 | I10: tf | J10: 850000 | K10: tf | L10: =H10-J10 -> 650000 | M10: 1150000
A11: 2 | B11: 45692 | C11: A 8379 CO | D11: Pak Yoyok | E11: hiu + ragi 10 | F11: Bu kasmi madiun | G11: 10000 | H11: 1500000 | I11: tf | J11: 850000 | K11: cash | L11: =H11-J11 -> 650000 | M11: 436000
A12: 3 | B12: 45693 | C12: A 8379 CO | D12: Pak Yoyok | E12: pakan ternak | F12: p dhion blitar | G12: 6000 | H12: 1400000 | I12: tf | J12: 640000 | K12: tf | L12: =H12-J12 -> 760000
A13: 4 | B13: 45694 | C13: A 8379 CO | D13: Pak Yoyok | E13: bola | F13: p eko turen | G13: 9000 | H13: 1350000 | I13: tf | J13: 780000 | K13: tf | L13: =H13-J13 -> 570000
A14: 5 | B14: 45695 | C14: A 8379 CO | D14: Pak Yoyok | E14: hiu | F14: Bu kasmi madiun | G14: 10000 | H14: 1500000 | I14: tf | J14: 850000 | K14: tf | L14: =H14-J14 -> 650000 | M14: 588000
A15: 6 | B15: 45696 | C15: A 8379 CO | D15: Pak Yoyok | E15: hiu | F15: toko putra bumi berkah | G15: 10000 | H15: 750000 | I15: cash | J15: 400000 | K15: cash | L15: =H15-J15 -> 350000 | M15: 455000
A16: 7 | B16: 45698 | C16: A 8379 CO | D16: Pak Yoyok | E16: lotus | F16: bu prapti nganjuk | G16: 9000 | H16: 1200000 | I16: cash | J16: 640000 | K16: cash | L16: =H16-J16 -> 560000 | M16: 60000
A17: 8 | B17: 45699 | C17: A 8379 CO | D17: Pak Yoyok | E17: hiu | F17: Bu kasmi madiun | G17: 10000 | H17: 1500000 | I17: tf | J17: 850000 | K17: cash | L17: =H17-J17 -> 650000 | M17: 100000
A18: 9 | B18: 45702 | C18: A 8379 CO | D18: Pak Yoyok | E18: lotus | F18: p saiku malang | G18: 9000 | H18: 1305000 | I18: tf | J18: 725000 | K18: cash | L18: =H18-J18 -> 580000
A19: 10 | B19: 45705 | C19: A 8379 CO | D19: Pak Yoyok | E19: hiu + ragi 4 | F19: bu nur mojokerto | G19: 9000 | H19: 765000 | I19: tf | J19: 450000 | K19: cash | L19: =H19-J19 -> 315000 | M19: 245000
A20: 11 | B20: 45707 | C20: A 8379 CO | D20: Pak Yoyok | E20: bola | F20: p eko turen | G20: 10000 | H20: 1500000 | I20: tf | J20: 830000 | K20: cash | L20: =H20-J20 -> 670000
A21: 12 | B21: 45709 | C21: A 8379 CO | D21: Pak Yoyok | E21: hiu | F21: bu kasmi madiun | G21: 10000 | H21: 1500000 | I21: tf | J21: 850000 | K21: cash | L21: =H21-J21 -> 650000
A22: 13 | B22: 45710 | C22: A 8379 CO | D22: Pak Yoyok | E22: lotus | F22: toko putra bumi berkah | G22: 9000 | H22: 675000 | I22: cash | J22: 350000 | K22: cash | L22: =H22-J22 -> 325000 | M22: 55000
A23: 14 | B23: 45712 | C23: A 8379 CO | D23: Pak Yoyok | E23: hiu + ragi 10 | F23: bu kasmi madiun | G23: 10000 | H23: 1500000 | I23: tf | J23: 850000 | K23: cash | L23: =H23-J23 -> 650000 | M23: 3792000 | N23: nota dibapak
A24: 15 | B24: 45713 | C24: A 8379 CO | D24: Pak Yoyok | E24: hiu | F24: p kasan sukodono | G24: 9000 | H24: 700000 | I24: tf | J24: 375000 | K24: cash | L24: =H24-J24 -> 325000
A25: 16 | B25: 45714 | C25: A 8379 CO | D25: Pak Yoyok | E25: hiu | F25: bu kasmi madiun | G25: 10000 | H25: 1500000 | I25: tf | J25: 850000 | K25: cash | L25: =H25-J25 -> 650000 | M25: 600000
A26: 17 | B26: 45715 | C26: A 8379 CO | D26: Pak Yoyok | E26: panah | F26: p sukem ngawi | G26: 10000 | H26: 1500000 | I26: tf | J26: 950000 | K26: cash | L26: =H26-J26 -> 550000
A27: 18 | B27: 45716 | C27: A 8379 CO | D27: Pak Yoyok | E27: selendang, lotus | F27: p roni malang | G27: 9000 | H27: 1200000 | I27: cash | J27: 665000 | K27: cash | L27: =H27-J27 -> 535000
L28: =SUM(L10:L27) -> 10090000 | M28: =SUM(M10:M27) -> 7481000
L29: =L28-M28 -> 2609000
M30: .
A31: NO | B31: TANGGAL | C31: NO. POL | D31: DRIVER | E31: MERK KEDELAI | F31: PENERIMA | G31: BERAT (kg) | H31: ONGKOSAN | I31: KET | J31: SAKU SOPIR | K31: KET | L31: SETORAN | M31: KERUSAKAN
A32: 1 | B32: 45719 | C32: A 8379 CO | D32: Pak Yoyok | E32: lotus | F32: p ramin ngawi | G32: 10000 | H32: 1600000 | I32: tf | J32: 950000 | K32: cash | L32: =H32-J32 -> 650000
A33: 2 | B33: 45720 | C33: A 8379 CO | D33: Pak Yoyok | E33: panah | F33: p sukem ngawi | G33: 10000 | H33: 1500000 | I33: tf | J33: 950000 | K33: cash | L33: =H33-J33 -> 550000
A34: 3 | B34: 45722 | C34: A 8379 CO | D34: Pak Yoyok | E34: panah | F34: bu eni tulangan | G34: 9000 | H34: 800000 | I34: cash | J34: 400000 | K34: cash | L34: =H34-J34 -> 400000 | M34: 1356500
A35: 4 | B35: 45724 | C35: A 8379 CO | D35: Pak Yoyok | E35: hiu | F35: p mul surabaya | G35: 10000 | H35: 800000 | I35: tf | J35: 425000 | K35: cash | L35: =H35-J35 -> 375000
A36: 5 | B36: 45726 | C36: A 8379 CO | D36: Pak Yoyok | E36: hiu | F36: bu kasmi madiun | G36: 10000 | H36: 1500000 | I36: tf | J36: 850000 | K36: cash | L36: =H36-J36 -> 650000
A37: 6 | B37: 45727 | C37: A 8379 CO | D37: Pak Yoyok | E37: hiu | F37: bu kasmi madiun | G37: 10000 | H37: 1500000 | I37: tf | J37: 850000 | K37: tf | L37: =H37-J37 -> 650000 | M37: 65000
A38: 7 | B38: 45729 | C38: A 8379 CO | D38: Pak Yoyok | E38: panah | F38: abah ran madiun | G38: 10000 | H38: 1500000 | I38: tf | J38: 850000 | K38: cash | L38: =H38-J38 -> 650000
A39: 8 | B39: 45731 | C39: A 8379 CO | D39: Pak Yoyok | E39: panah | F39: p sukem ngawi | G39: 10000 | H39: 1500000 | I39: tf | J39: 950000 | K39: cash | L39: =H39-J39 -> 550000
A40: 9 | B40: 45733 | C40: A 8379 CO | D40: Pak Yoyok | E40: hiu | F40: bu kasmi madiun | G40: 10000 | H40: 1500000 | I40: tf | J40: 850000 | K40: cash | L40: =H40-J40 -> 650000
A41: 10 | B41: 45734 | C41: A 8379 CO | D41: Pak Yoyok | E41: hiu | F41: bu kasmi madiun | G41: 10000 | H41: 1500000 | I41: tf | J41: 850000 | K41: cash | L41: =H41-J41 -> 650000
A42: 11 | B42: 45735 | C42: A 8379 CO | D42: Pak Yoyok | E42: panah | F42: bu nur kopti mojokerto | G42: 9000 | H42: 765000 | I42: tf | J42: 450000 | K42: cash | L42: =H42-J42 -> 315000 | M42: 105000
A43: 12 | B43: 45737 | C43: A 8379 CO | D43: Pak Yoyok | E43: hiu | F43: bu kasmi madiun | G43: 10000 | H43: 1500000 | I43: tf | J43: 850000 | K43: cash | L43: =H43-J43 -> 650000
A44: 13 | B44: 45738 | C44: A 8379 CO | D44: Pak Yoyok | E44: lotus | F44: bu prapti nganjuk | G44: 9000 | H44: 1200000 | I44: cash | J44: 690000 | K44: cash | L44: =H44-J44 -> 510000 | M44: 98000
A45: 14 | B45: 45740 | C45: A 8379 CO | D45: Pak Yoyok | E45: panah | F45: bu kasmi madiun | G45: 10000 | H45: 1500000 | I45: tf | J45: 850000 | K45: cash | L45: =H45-J45 -> 650000 | M45: 150000
A46: 15 | B46: 45741 | C46: A 8379 CO | D46: Pak Yoyok | E46: hiu | F46: bu kasmi madiun | G46: 10000 | H46: 1500000 | I46: tf | J46: 850000 | K46: cash | L46: =H46-J46 -> 650000 | M46: 430000
A47: 16 | B47: 45742 | C47: A 8379 CO | D47: Pak Yoyok | E47: tulip | F47: p roni sederhana malang | G47: 8500 | H47: 1200000 | I47: cash | J47: 640000 | K47: cash | L47: =H47-J47 -> 560000
A48: 17 | B48: 45743 | C48: A 8379 CO | D48: Pak Yoyok | E48: hiu | F48: bu yeni ngawi | G48: 10000 | H48: 1500000 | I48: tf | J48: 950000 | K48: cash | L48: =H48-J48 -> 550000
A49: 18 | B49: 45744 | C49: A 8379 CO | D49: Pak Yoyok | E49: panah | F49: bu eni tulangan | G49: 9000 | H49: 800000 | I49: cash | J49: 400000 | K49: cash | L49: =H49-J49 -> 400000
L50: =SUM(L32:L49) -> 10060000 | M50: =SUM(M32:M49) -> 2204500
L51: =L50-M50 -> 7855500
A53: NO | B53: TANGGAL | C53: NO. POL | D53: DRIVER | E53: MERK KEDELAI | F53: PENERIMA | G53: BERAT (kg) | H53: ONGKOSAN | I53: KET | J53: SAKU SOPIR | K53: KET | L53: SETORAN | M53: KERUSAKAN
A54: 1 | B54: 45764 | C54: A 8379 CO | D54: Pak Yoyok | E54: panah | F54: bu yeni ngawi | G54: 9000 | H54: 1350000 | I54: tf | J54: 900000 | K54: cash | L54: =H54-J54 -> 450000 | M54: 750000
A55: 2 | B55: 45766 | C55: A 8379 CO | D55: Pak Yoyok | E55: panah | F55: pak sukem ngawi | G55: 10000 | H55: 1500000 | I55: tf | J55: 950000 | K55: cash | L55: =H55-J55 -> 550000 | M55: 2200000
A56: 3 | B56: 45768 | C56: A 8379 CO | D56: Pak Yoyok | E56: hiu | F56: bu kasmi madiun | G56: 10000 | H56: 1500000 | I56: tf | J56: 850000 | K56: cash | L56: =H56-J56 -> 650000 | M56: 800000
A57: 4 | B57: 45769 | C57: A 8379 CO | D57: Pak Yoyok | E57: BW | F57: p nanang bojonegoro | G57: 9000 | H57: 1300000 | I57: tf | J57: 640000 | K57: cash | L57: =H57-J57 -> 660000 | M57: 50000
A58: 5 | B58: 45770 | C58: A 8379 CO | D58: Pak Yoyok | E58: hiu | F58: bu kasmi madiun | G58: 10000 | H58: 1500000 | I58: tf | J58: 850000 | K58: tf | L58: =H58-J58 -> 650000 | M58: 660000
A59: 6 | B59: 45775 | C59: A 8379 CO | D59: Pak Yoyok | E59: panah | F59: bu yeni ngawi | G59: 10000 | H59: 1500000 | I59: tf | J59: 950000 | K59: cash | L59: =H59-J59 -> 550000 | M59: 1110000
A60: 7 | B60: 45776 | C60: A 8379 CO | D60: Pak Yoyok | E60: lotus | F60: pak ramin ngawi | G60: 9000 | H60: 1440000 | I60: tf | J60: 900000 | K60: cash | L60: =H60-J60 -> 540000 | M60: 80000
A61: 8 | B61: 45777 | C61: A 8379 CO | D61: Pak Yoyok | E61: hiu | F61: bu yatini ngawi | G61: 9000 | H61: 1350000 | I61: tf | J61: 900000 | K61: cash | L61: =H61-J61 -> 450000
L62: =SUM(L54:L61) -> 4500000 | M62: =SUM(M54:M61) -> 5650000
L63: =L62-M62 -> -1150000
A65: NO | B65: TANGGAL | C65: NO. POL | D65: DRIVER | E65: MERK KEDELAI | F65: PENERIMA | G65: BERAT (kg) | H65: ONGKOSAN | I65: KET | J65: SAKU SOPIR | K65: KET | L65: SETORAN | M65: KERUSAKAN
A66: 1 | B66: 45779 | C66: A 8379 CO | D66: Pak Yoyok | E66: lotus | F66: pak ramin ngawi | G66: 9000 | H66: 1440000 | I66: tf | J66: 900000 | K66: cash | L66: =H66-J66 -> 540000
A67: 2 | B67: 45780 | C67: A 8379 CO | D67: Pak Yoyok | E67: hiu | F67: bu kasmi madiun | G67: 10000 | H67: 1500000 | I67: tf | J67: 850000 | K67: cash | L67: =H67-J67 -> 650000
A68: 3 | B68: 45782 | C68: A 8379 CO | D68: Pak Yoyok | E68: hiu | F68: bu yeni ngawi | G68: 10000 | H68: 1500000 | I68: tf | J68: 950000 | K68: cash | L68: =H68-J68 -> 550000 | M68: 575000
A69: 4 | B69: 45783 | C69: A 8379 CO | D69: Pak Yoyok | E69: hiu | F69: abah slamet tobo | G69: 9000 | H69: 1215000 | I69: tf | J69: 700000 | K69: cash | L69: =H69-J69 -> 515000 | M69: 70000
A70: 5 | B70: 45784 | C70: A 8379 CO | D70: Pak Yoyok | E70: lotus | F70: pak nanang bojonegoro | G70: 9000 | H70: 1300000 | I70: tf | J70: 640000 | K70: cash | L70: =H70-J70 -> 660000 | M70: 1950000
A71: 6 | B71: 45785 | C71: A 8379 CO | D71: Pak Yoyok | E71: hiu | F71: pak yanto porong | G71: 10000 | H71: 1000000 | I71: tf | J71: 475000 | K71: cash | L71: =H71-J71 -> 525000 | M71: 60000
A72: 7 | B72: 45786 | C72: A 8379 CO | D72: Pak Yoyok | E72: panah | F72: bu yeni ngawi | G72: 10000 | H72: 1500000 | I72: tf | J72: 950000 | K72: cash | L72: =H72-J72 -> 550000
A73: 8 | B73: 45787 | C73: A 8379 CO | D73: Pak Yoyok | E73: panah | F73: bu yeni ngawi | G73: 10000 | H73: 1500000 | I73: tf | J73: 950000 | K73: cash | L73: =H73-J73 -> 550000
A74: 9 | B74: 45790 | C74: A 8379 CO | D74: Pak Yoyok | E74: lotus | F74: bu tutik toko/kota | G74: 9000 | H74: 1125000 | I74: cash | J74: 640000 | K74: cash | L74: =H74-J74 -> 485000 | M74: 180000
A75: 10 | B75: 45791 | C75: A 8379 CO | D75: Pak Yoyok | E75: hiu | F75: pak sukem ngawi | G75: 10000 | H75: 1500000 | I75: tf | J75: 950000 | K75: cash | L75: =H75-J75 -> 550000
A76: 11 | B76: 45792 | C76: A 8379 CO | D76: Pak Yoyok | E76: hiu | F76: bu kasmi madiun | G76: 10000 | H76: 1500000 | I76: tf | J76: 850000 | K76: cash | L76: =H76-J76 -> 650000 | M76: 280000
A77: 12 | B77: 45793 | C77: A 8379 CO | D77: Pak Yoyok | E77: hiu | F77: bu yatini ngawi | G77: 9000 | H77: 1350000 | I77: tf | J77: 900000 | K77: cash | L77: =H77-J77 -> 450000 | M77: 65000
A78: 13 | B78: 45797 | C78: A 8379 CO | D78: Pak Yoyok | E78: hiu | F78: bu kasmi madiun | G78: 10000 | H78: 1500000 | I78: tf | J78: 850000 | K78: cash | L78: =H78-J78 -> 650000
A79: 14 | B79: 45798 | C79: A 8379 CO | D79: Pak Yoyok | E79: hiu | F79: pak sukem ngawi | G79: 10000 | H79: 1500000 | I79: tf | J79: 950000 | K79: cash | L79: =H79-J79 -> 550000
A80: 15 | B80: 45799 | C80: A 8379 CO | D80: Pak Yoyok | E80: panah | F80: bu yeni ngawi | G80: 10000 | H80: 1500000 | I80: tf | J80: 950000 | K80: cash | L80: =H80-J80 -> 550000
A81: 16 | B81: 45800 | C81: A 8379 CO | D81: Pak Yoyok | E81: hiu | F81: toko putra bumi berkah | G81: 10000 | H81: 750000 | I81: cash | J81: 375000 | K81: cash | L81: =H81-J81 -> 375000
A82: 17 | B82: 45801 | C82: A 8379 CO | D82: Pak Yoyok | E82: hiu | F82: bu yeni ngawi | G82: 10000 | H82: 1500000 | I82: tf | J82: 950000 | K82: cash | L82: =H82-J82 -> 550000
A83: 18 | B83: 45803 | C83: A 8379 CO | D83: Pak Yoyok | E83: hiu | F83: abah slamet tobo | G83: 9000 | H83: 1215000 | I83: tf | J83: 700000 | K83: cash | L83: =H83-J83 -> 515000 | M83: 105000
A84: 19 | B84: 45804 | C84: A 8379 CO | D84: Pak Yoyok | E84: lotus | F84: p ridwan manyar | G84: 9000 | H84: 720000 | I84: cash | J84: 350000 | K84: cash | L84: =H84-J84 -> 370000 | M84: 780000
A85: 20 | B85: 45805 | C85: A 8379 CO | D85: Pak Yoyok | E85: hiu | F85: bu kasmi madiun | G85: 10000 | H85: 1500000 | I85: tf | J85: 850000 | K85: cash | L85: =H85-J85 -> 650000 | M85: 3000000
A86: 21 | B86: 45807 | C86: A 8379 CO | D86: Pak Yoyok | E86: tomat new | F86: bu tutik p agus/kapas | G86: 9000 | H86: 1035000 | I86: cash | J86: 600000 | K86: cash | L86: =H86-J86 -> 435000 | M86: 3500000
A87: 22 | B87: 45808 | C87: A 8379 CO | D87: Pak Yoyok | E87: hiu | F87: bu kasmi madiun | G87: 10000 | H87: 1500000 | I87: tf | J87: 850000 | K87: cash | L87: =H87-J87 -> 650000 | M87: 269000
L88: =SUM(L66:L87) -> 11970000 | M88: =SUM(M66:M87) -> 10834000
L89: =L88-M88 -> 1136000
A91: NO | B91: TANGGAL | C91: NO. POL | D91: DRIVER | E91: MERK KEDELAI | F91: PENERIMA | G91: BERAT (kg) | H91: ONGKOSAN | I91: KET | J91: SAKU SOPIR | K91: KET | L91: SETORAN | M91: KERUSAKAN
A92: 1 | B92: 45810 | C92: A 8379 CO | D92: Pak Yoyok | E92: panah | F92: bu yeni ngawi | G92: 10000 | H92: 1500000 | I92: tf | J92: 950000 | K92: cash | L92: =H92-J92 -> 550000 | M92: 115000
A93: 2 | B93: 45811 | C93: A 8379 CO | D93: Pak Yoyok | E93: selendang | F93: abah slamet tobo | G93: 9000 | H93: 1215000 | I93: tf | J93: 700000 | K93: cash | L93: =H93-J93 -> 515000
A94: 3 | B94: 45812 | C94: A 8379 CO | D94: Pak Yoyok | E94: selendang | F94: bu nur kopti mojokerto | G94: 9000 | H94: 765000 | I94: tf | J94: 450000 | K94: cash | L94: =H94-J94 -> 315000
A95: 4 | B95: 45813 | C95: A 8379 CO | D95: Pak Yoyok | E95: hiu | F95: bu kasmi madiun | G95: 10000 | H95: 1500000 | I95: tf | J95: 850000 | K95: cash | L95: =H95-J95 -> 650000
A96: 5 | B96: 45815 | C96: A 8379 CO | D96: Pak Yoyok | E96: hiu | F96: bu yeni ngawi | G96: 10000 | H96: 1500000 | I96: tf | J96: 950000 | K96: cash | L96: =H96-J96 -> 550000
A97: 6 | B97: 45817 | C97: A 8379 CO | D97: Pak Yoyok | E97: hiu | F97: bu yatini ngawi | G97: 9000 | H97: 1350000 | I97: tf | J97: 900000 | K97: cash | L97: =H97-J97 -> 450000
A98: 7 | B98: 45818 | C98: A 8379 CO | D98: Pak Yoyok | E98: panah | F98: pak sukem ngawi | G98: 10000 | H98: 1500000 | I98: tf | J98: 950000 | K98: cash | L98: =H98-J98 -> 550000 | M98: 232000
A99: 8 | B99: 45819 | C99: A 8379 CO | D99: Pak Yoyok | E99: panah | F99: bu yeni ngawi | G99: 10000 | H99: 1500000 | I99: tf | J99: 950000 | K99: cash | L99: =H99-J99 -> 550000 | M99: 560000
A100: 9 | B100: 45820 | C100: A 8379 CO | D100: Pak Yoyok | E100: selendang | F100: abah slamet tobo | G100: 9000 | H100: 1215000 | I100: tf | J100: 700000 | K100: cash | L100: =H100-J100 -> 515000
A101: 10 | B101: 45821 | C101: A 8379 CO | D101: Pak Yoyok | E101: panah | F101: pak yoyok jombang | G101: 10000 | H101: 1100000 | I101: tf | J101: 600000 | K101: cash | L101: =H101-J101 -> 500000
A102: 11 | B102: 45822 | C102: A 8379 CO | D102: Pak Yoyok | E102: panah | F102: toko bumi berkah blitar | G102: 9000 | H102: 1350000 | I102: tf | J102: 850000 | K102: cash | L102: =H102-J102 -> 500000
A103: 12 | B103: 45824 | C103: A 8379 CO | D103: Pak Yoyok | E103: lotus | F103: toko putra bumi berkah | G103: 9000 | H103: 675000 | I103: cash | J103: 350000 | K103: cash | L103: =H103-J103 -> 325000 | M103: 75000
A104: 13 | B104: 45825 | C104: A 8379 CO | D104: Pak Yoyok | E104: panah | F104: bu yeni ngawi | G104: 10000 | H104: 1500000 | I104: tf | J104: 950000 | K104: cash | L104: =H104-J104 -> 550000 | M104: 1155000
A105: 14 | B105: 45826 | C105: A 8379 CO | D105: Pak Yoyok | E105: panah | F105: pak sukem ngawi | G105: 10000 | H105: 1500000 | I105: tf | J105: 950000 | K105: cash | L105: =H105-J105 -> 550000 | M105: 290000
...

Sheet P DWI (K 8094 IS)
A2: NO | B2: TANGGAL | C2: NO. POL | D2: DRIVER | E2: MERK KEDELAI | F2: PENERIMA | G2: BERAT (kg) | H2: ONGKOSAN | I2: KET | J2: SAKU SOPIR | K2: KET | L2: SETORAN | M2: KERUSAKAN
A3: 1 | B3: 45842 | C3: K 8094 IS | D3: M Ilham | E3: lotus | F3: toko putra bumi berkah | G3: 9000 | H3: 675000 | I3: cash | J3: 350000 | K3: cash | L3: =H3-J3 -> 325000 | M3: 7895000
A4: 2 | B4: 45843 | C4: K 8094 IS | D4: P Dwi | E4: pakan ternak | F4: ADM kediri | G4: 7000 | H4: 1550003 | I4: tf | J4: 640000 | K4: tf | L4: =H4-J4 -> 910003
A5: 3 | B5: 45845 | C5: K 8094 IS | D5: P Dwi | E5: pakan ternak | F5: ADM kediri | G5: 7000 | H5: 1550003 | I5: tf | J5: 640000 | K5: tf | L5: =H5-J5 -> 910003
A6: 4 | B6: 45846 | C6: K 8094 IS | D6: P Dwi | E6: pakan ternak | F6: ADM kediri | G6: 6250 | H6: 1550003 | I6: tf | J6: 640000 | K6: tf | L6: =H6-J6 -> 910003
A7: 5 | B7: 45847 | C7: K 8094 IS | D7: P Dwi | E7: pakan ternak | F7: ADM kediri | G7: 4500 | H7: 1550003 | I7: tf | J7: 640000 | K7: tf | L7: =H7-J7 -> 910003
A8: 6 | B8: 45849 | C8: K 8094 IS | D8: P Dwi | E8: pakan ternak | F8: ADM blitar | G8: 5300 | H8: 1550003 | I8: tf | J8: 750000 | K8: tf | L8: =H8-J8 -> 800003
A9: 7 | B9: 45850 | C9: K 8094 IS | D9: P Dwi | E9: TMM | F9: toko bumi berkah blitar | G9: 9000 | H9: 1350000 | I9: tf | J9: 850000 | K9: tf | L9: =H9-J9 -> 500000
A10: 8 | B10: 45852 | C10: K 8094 IS | D10: P Dwi | E10: pakan ternak | F10: ADM malang | G10: 8000 | H10: 1771432 | I10: tf | J10: 800000 | K10: tf | L10: =H10-J10 -> 971432
A11: 9 | B11: 45853 | C11: K 8094 IS | D11: P Dwi | E11: panah | F11: pak anwar porong | G11: 6000 | H11: 600000 | I11: cash | J11: 350000 | K11: tf | L11: =H11-J11 -> 250000
A12: 10 | B12: 45854 | C12: K 8094 IS | D12: P Dwi | E12: pakan ternak | F12: ADM kediri | G12: 6000 | H12: 1550003 | I12: tf | J12: 640000 | K12: tf | L12: =H12-J12 -> 910003 | M12: 133000
A13: 11 | B13: 45855 | C13: K 8094 IS | D13: P Dwi | E13: lotus | F13: pak yoyok jombang | G13: 10000 | H13: 1100000 | I13: tf | J13: 600000 | K13: tf | L13: =H13-J13 -> 500000
A14: 12 | B14: 45857 | C14: K 8094 IS | D14: P Dwi | E14: sip | F14: abah mif gresik | G14: 9000 | H14: 720000 | I14: tf | J14: 375000 | K14: tf | L14: =H14-J14 -> 345000
A15: 13 | B15: 45859 | C15: K 8094 IS | D15: P Dwi | E15: panah | F15: pak yoyok jombang | G15: 10000 | H15: 1100000 | I15: tf | J15: 600000 | K15: tf | L15: =H15-J15 -> 500000
A16: 14 | B16: 45860 | C16: K 8094 IS | D16: P Dwi | E16: pakan ternak | F16: ADM kediri | G16: 6500 | H16: 1550003 | I16: tf | J16: 700000 | K16: cash | L16: =H16-J16 -> 850003
A17: 15 | B17: 45861 | C17: K 8094 IS | D17: P Dwi | E17: hiu | F17: bu eni tulangan | G17: 9000 | H17: 800000 | I17: cash | J17: 400000 | K17: tf | L17: =H17-J17 -> 400000
A18: 16 | B18: 45863 | C18: K 8094 IS | D18: P Dwi | E18: selendang | F18: pak roni, toko bumi berkah blitar | G18: 9000 | H18: 1914000 | I18: cash+tf | J18: 850000 | K18: tf | L18: =H18-J18 -> 1064000 | M18: 458000 | N18: 564000
A19: 17 | B19: 45864 | C19: K 8094 IS | D19: P Dwi | E19: selendang | F19: pak yoyok jombang | G19: 10000 | H19: 1100000 | I19: tf | J19: 600000 | K19: tf | L19: =H19-J19 -> 500000
A20: 18 | B20: 45866 | C20: K 8094 IS | D20: P Dwi | E20: pakan ternak | F20: ADM ponorogo | G20: 7000 | H20: 1550003 | I20: tf | J20: 900000 | K20: tf | L20: =H20-J20 -> 650003 | M20: 728000
A21: 19 | B21: 45868 | C21: K 8094 IS | D21: P Dwi | E21: sip | F21: toko bumi berkah blitar | G21: 9000 | H21: 1350000 | I21: tf | J21: 875000 | K21: cash | L21: =H21-J21 -> 475000 | M21: 6290000
A22: 20 | B22: 45869 | C22: K 8094 IS | D22: P Dwi | E22: selendang | F22: abah slamet tobo | G22: 9000 | H22: 1215000 | I22: tf | J22: 700000 | K22: tf | L22: =H22-J22 -> 515000
L23: =SUM(L3:L21) -> 12680456 | M23: =SUM(M3:M21) -> 15504000
L24: =L23-M23 -> -2823544
A26: NO | B26: TANGGAL | C26: NO. POL | D26: DRIVER | E26: MERK KEDELAI | F26: PENERIMA | G26: BERAT (kg) | H26: ONGKOSAN | I26: KET | J26: SAKU SOPIR | K26: KET | L26: SETORAN | M26: KERUSAKAN
A27: 1 | B27: 45870 | C27: K 8094 IS | D27: P Dwi | E27: sip | F27: abah rohmat kediri | G27: 9000 | H27: 1200000 | I27: cash | J27: 690000 | K27: tf | L27: =H27-J27 -> 510000 | M27: 700000
A28: 2 | B28: 45873 | C28: K 8094 IS | D28: P Dwi | E28: selendang | F28: pak yoyok jombang | G28: 10000 | H28: 1100000 | I28: tf | J28: 600000 | K28: cash | L28: =H28-J28 -> 500000
A29: 3 | B29: 45874 | C29: K 8094 IS | D29: P Dwi | E29: selendang | F29: pak yoyok jombang | G29: 10000 | H29: 1100000 | I29: tf | J29: 600000 | K29: cash | L29: =H29-J29 -> 500000
A30: 4 | B30: 45875 | C30: K 8094 IS | D30: P Dwi | E30: TMM | F30: pak yanto porong | G30: 10000 | H30: 1000000 | I30: tf | J30: 475000 | K30: tf | L30: =H30-J30 -> 525000 | M30: 322000
A31: 5 | B31: 45876 | C31: K 8094 IS | D31: P Dwi | E31: sip | F31: bu iin sepanjang | G31: 9000 | H31: 675000 | I31: tf | J31: 400000 | K31: tf | L31: =H31-J31 -> 275000
A32: 6 | B32: 45878 | C32: K 8094 IS | D32: P Dwi | E32: selendang | F32: pak yoyok jombang | G32: 10000 | H32: 1100000 | I32: tf | J32: 600000 | K32: tf | L32: =H32-J32 -> 500000
A33: 7 | B33: 45880 | C33: K 8094 IS | D33: P Dwi | E33: BW | F33: pak ridwan manyar | G33: 9000 | H33: 720000 | I33: cash | J33: 350000 | K33: tf | L33: =H33-J33 -> 370000
A34: 8 | B34: 45880 | C34: K 8094 IS | D34: P Dwi | E34: prama | F34: toko putra bumi berkah | G34: 9000 | H34: 675000 | I34: cash | J34: 350000 | K34: tf | L34: =H34-J34 -> 325000
A35: 9 | B35: 45881 | C35: K 8094 IS | D35: P Dwi | E35: sip | F35: abah zakaria jombang | G35: 10000 | H35: 1100000 | I35: tf | J35: 625000 | K35: tf | L35: =H35-J35 -> 475000
A36: 10 | B36: 45882 | C36: K 8094 IS | D36: P Dwi | E36: sip | F36: bu yatini ngawi | G36: 9000 | H36: 1350000 | I36: tf | J36: 925000 | K36: tf | L36: =H36-J36 -> 425000
A37: 11 | B37: 45883 | C37: K 8094 IS | D37: P Dwi | E37: sip | F37: toko bumi berkah blitar | G37: 9000 | H37: 1350000 | J37: 875000 | K37: tf | L37: =H37-J37 -> 475000
A38: 12 | B38: 45884 | C38: K 8094 IS | D38: P Dwi | E38: pakan | F38: ADM malang kesambon | G38: 8000 | H38: 1771432 | J38: 640000 | K38: tf | L38: =H38-J38 -> 1131432
A39: 13 | B39: 45885 | C39: K 8094 IS | D39: P Dwi | E39: selendang | F39: pak yoyok jombang | G39: 10000 | H39: 1100000 | I39: tf | J39: 600000 | K39: tf | L39: =H39-J39 -> 500000 | M39: 293000
A40: 14 | B40: 45887 | C40: K 8094 IS | D40: P Dwi | E40: sip | F40: pak ridwan manyar | G40: 9000 | H40: 720000 | I40: cash | J40: 375000 | K40: tf | L40: =H40-J40 -> 345000
A41: 15 | B41: 45888 | C41: K 8094 IS | D41: P Dwi | E41: BW | F41: bu tutik sumberejo | G41: 9000 | H41: 990000 | J41: 550000 | K41: tf | L41: =H41-J41 -> 440000 | M41: 329000
A42: 16 | B42: 45889 | C42: K 8094 IS | D42: P Dwi | E42: hiu | F42: pak mul surabaya | G42: 8000 | H42: 800000 | I42: tf | J42: 375000 | K42: tf | L42: =H42-J42 -> 425000
A43: 17 | B43: 45890 | C43: K 8094 IS | D43: P Dwi | E43: sip | F43: bu iin sepanjang | G43: 9000 | H43: 675000 | I43: tf | J43: 400000 | K43: tf | L43: =H43-J43 -> 275000
A44: 18 | B44: 45891 | C44: K 8094 IS | D44: P Dwi | E44: panah | F44: pak saiku malang | G44: 9000 | H44: 1305000 | I44: tf | J44: 725000 | K44: tf | L44: =H44-J44 -> 580000
A45: 19 | B45: 45894 | C45: K 8094 IS | D45: P Dwi | E45: minyak | F45: bu tutik toko/kota | G45: 750 dus | H45: 1300000 | I45: cash | J45: 665000 | K45: tf | L45: =H45-J45 -> 635000
A46: 20 | B46: 45895 | C46: K 8094 IS | D46: P Dwi | E46: sip | F46: abah mif gresik | G46: 9000 | H46: 900000 | I46: tf | J46: 375000 | K46: tf | L46: =H46-J46 -> 525000 | M46: 301000
A47: 21 | B47: 45896 | C47: K 8094 IS | D47: P Dwi | E47: selendang | F47: toko bumi berkah blitar | G47: 9000 | H47: 1350000 | J47: 850000 | K47: tf | L47: =H47-J47 -> 500000
A48: 22 | B48: 45897 | C48: K 8094 IS | D48: P Dwi | E48: sip | F48: bu tutik toko/kota | G48: 9000 | H48: 1125000 | J48: 665000 | K48: tf | L48: =H48-J48 -> 460000
A49: 23 | B49: 45898 | C49: K 8094 IS | D49: P Dwi | E49: sip | F49: CV hasil tani metatu | G49: 9000 | H49: 750000 | I49: tf | J49: 375000 | L49: =H49-J49 -> 375000
A50: 24 | B50: 45899 | C50: K 8094 IS | D50: P Dwi | E50: sip | F50: CV hasil tani metatu | G50: 9000 | H50: 750000 | J50: 375000 | L50: =H50-J50 -> 375000 | N50: 375000
L51: =SUM(L27:L50) -> 11446432 | M51: =SUM(M27:M46) -> 1945000
L52: =L51-M51 -> 9501432
A54: NO | B54: TANGGAL | C54: NO. POL | D54: DRIVER | E54: MERK KEDELAI | F54: PENERIMA | G54: BERAT (kg) | H54: ONGKOSAN | I54: KET | J54: SAKU SOPIR | K54: KET | L54: SETORAN | M54: KERUSAKAN
A55: 1 | B55: 45901 | C55: K 8094 IS | D55: P Dwi

Sheet P AGIK (S 8903 UX)
B1: TANGGAL | C1: NO. POL | D1: DRIVER | E1: MERK KEDELAI | F1: PENERIMA | G1: BERAT (kg) | H1: ONGKOSAN | I1: KET | J1: SAKU SOPIR | K1: KET | L1: SETORAN | M1: KERUSAKAN
B2: 45593 | C2: W 8882 DS | D2: Pak Firman | E2: Lotus | F2: Toko Putra Bumi Berkah | G2: 10000 | H2: 750000 | I2: Cash | J2: 100000 | K2: Cash | L2: =H2-J2 -> 650000
L3: =SUM(L2) -> 650000 | M3: =SUM(M2) -> 0
L4: =L3-M3 -> 650000
A6: NO | B6: TANGGAL | C6: NO. POL | D6: DRIVER | E6: MERK KEDELAI | F6: PENERIMA | G6: BERAT (kg) | H6: ONGKOSAN | I6: KET | J6: SAKU SOPIR | K6: KET | L6: SETORAN | M6: KERUSAKAN
A7: 1 | B7: 45607 | C7: W 8882 DS | D7: Pak Hendro | E7: Hiu | F7: Mas nanang Bojonegoro | G7: 8000 | H7: 1200000 | I7: TF | J7: 640000 | K7: cash | L7: =H7-J7 -> 560000 | M7: 1405000
A8: 2 | B8: 45608 | C8: W 8882 DS | D8: Pak Hendro | E8: Panah | F8: Bu Tutik Bojonegoro (Toko) | G8: 9000 | H8: 1125000 | I8: Cash | J8: 640000 | K8: cash | L8: =H8-J8 -> 485000 | M8: 32000
A9: 3 | B9: 45609 | C9: W 8882 DS | D9: Pak Hendro | E9: Jempol Sip | F9: Toko Roni Sederhana Malang | G9: 8500 | H9: 1200000 | I9: Cash | J9: 640000 | K9: cash | L9: =H9-J9 -> 560000 | M9: 95000
A10: 4 | B10: 45611 | C10: W 8882 DS | D10: Pak Hendro | E10: Hiu | F10: Bu Kasmi MAdiun | G10: 10000 | H10: 1500000 | I10: TF | J10: 850000 | K10: cash | L10: =H10-J10 -> 650000
A11: 5 | B11: 45614 | C11: W 8882 DS | D11: Pak Hendro | E11: Hiu | F11: Bu Kasmi MAdiun | G11: 10000 | H11: 1500000 | I11: TF | J11: 850000 | K11: cash | L11: =H11-J11 -> 650000
A12: 6 | B12: 45615 | C12: W 8882 DS | D12: Pak Hendro | E12: Panah | F12: Mba Tiwuk nganjuk | G12: 9000 | H12: 1170000 | I12: Cash | J12: 640000 | K12: TF | L12: =H12-J12 -> 530000
A13: 7 | B13: 45617 | C13: W 8882 DS | D13: Pak Hendro | E13: Lotus | F13: Pak Saiku Malang | G13: 9000 | H13: 1305000 | I13: TF | J13: 725000 | K13: cash | L13: =H13-J13 -> 580000
A14: 8 | B14: 45618 | C14: W 8882 DS | D14: Pak Hendro | E14: Panah | F14: Bu Tutik Bojonegoro (Toko) | G14: 9000 | H14: 1125000 | I14: Cash | J14: 640000 | K14: TF | L14: =H14-J14 -> 485000
A15: 9 | B15: 45619 | C15: W 8882 DS | D15: Pak Hendro | E15: Panah | F15: Abah Muh Madura | G15: 9000 | H15: 1400000 | I15: TF | J15: 850000 | K15: cash | L15: =H15-J15 -> 550000
A16: 10 | B16: 45621 | C16: W 8882 DS | D16: Pak Hendro | E16: Jempol Sip | F16: Pak Ramin Ngawi | G16: 10000 | H16: 1600000 | I16: TF | J16: 975000 | K16: cash | L16: =H16-J16 -> 625000
A17: 11 | B17: 45622 | C17: W 8882 DS | D17: Pak Hendro | E17: Hiu | F17: Toko Putra bumi berkah | G17: 10000 | H17: 750000 | I17: Cash | J17: 375000 | K17: TF | L17: =H17-J17 -> 375000 | M17: 100000
A18: 12 | B18: 45624 | C18: W 8882 DS | D18: Pak Hendro | E18: Panah | F18: Abah Muh Madura | G18: 9000 | H18: 1400000 | I18: TF | J18: 850000 | K18: TF | L18: =H18-J18 -> 550000
A19: 13 | B19: 45625 | C19: W 8882 DS | D19: Pak Hendro | E19: Lotus | F19: Abah parnoto blitar | G19: 9000 | H19: 1350000 | I19: Cash | J19: 875000 | K19: cash | L19: =H19-J19 -> 475000
L20: =SUM(L7:L19) -> 7075000 | M20: =SUM(M7:M19) -> 1632000
L21: =L20-M20 -> 5443000
A23: NO | B23: TANGGAL | C23: NO. POL | D23: DRIVER | E23: MERK KEDELAI | F23: PENERIMA | G23: BERAT (kg) | H23: ONGKOSAN | I23: KET | J23: SAKU SOPIR | K23: KET | L23: SETORAN | M23: KERUSAKAN
A24: 1 | B24: 45628 | C24: W 8882 DS | D24: Pak Hendro | E24: jempol sip | F24: Abah slamet tobo | G24: 9000 | H24: 1215000 | I24: TF | J24: 725000 | K24: Cash | L24: =H24-J24 -> 490000
A25: 2 | B25: 45629 | C25: W 8882 DS | D25: Pak Hendro | E25: Hiu | F25: Abah mif | G25: 9000 | H25: 900000 | I25: TF | J25: 350000 | K25: Cash | L25: =H25-J25 -> 550000
A26: 3 | B26: 45630 | C26: W 8882 DS | D26: Pak Hendro | E26: Hiu | F26: Bu Kasmi Madiun | G26: 10000 | H26: 1500000 | I26: TF | J26: 850000 | K26: Cash+TF | L26: =H26-J26 -> 650000
A27: 4 | B27: 45631 | C27: W 8882 DS | D27: Pak Hendro | E27: Panah | F27: Bu Eni Tulangan | G27: 9000 | H27: 800000 | I27: Cash | J27: 400000 | K27: TF | L27: =H27-J27 -> 400000 | N27: cash
A28: 5 | B28: 45632 | C28: W 8882 DS | D28: Pak Hendro | E28: Lotus | F28: Abah Slamet Tobo | G28: 9000 | H28: 1215000 | I28: TF | J28: 700000 | K28: Cash | L28: =H28-J28 -> 515000 | M28: 1340000 | N28: sisa ongkosan 100
A29: 6 | B29: 45633 | C29: W 8882 DS | D29: Pak Hendro | E29: Lotus | F29: Mba Nur Mojokerto | G29: 9000 | H29: 765000 | I29: TF | J29: 450000 | K29: Cash + TF | L29: =H29-J29 -> 315000
A30: 7 | B30: 45635 | C30: W 8882 DS | D30: Pak Hendro | E30: Panah | F30: Bu Kasmi Madiun | G30: 10000 | H30: 1500000 | I30: TF | J30: 850000 | K30: Cash | L30: =H30-J30 -> 650000
A31: 8 | B31: 45636 | C31: W 8882 DS | D31: Pak Hendro | E31: Jempol Sip Malang | F31: Gudang adm | G31: 9500 | H31: 1500000 | I31: tf | J31: 665000 | K31: TF | L31: =H31-J31 -> 835000
A32: 9 | B32: 45637 | C32: W 8882 DS | D32: Pak Hendro | E32: Panah | F32: Bu Tutik Bojonegoro (kapas) | G32: 9000 | H32: 1035000 | I32: cash | J32: 600000 | K32: TF | L32: =H32-J32 -> 435000
A33: 10 | B33: 45638 | C33: W 8882 DS | D33: Pak Hendro | E33: Lotus | F33: Abah Mif | G33: 9000 | H33: 900000 | I33: TF | J33: 350000 | K33: cash | L33: =H33-J33 -> 550000
A34: 11 | B34: 45639 | C34: W 8882 DS | D34: Pak Hendro | E34: Lotus + 2 dus ragi | F34: Pak Ridwan Manyar | G34: 9000 | H34: 720000 | I34: cash | J34: 350000 | K34: cash | L34: =H34-J34 -> 370000
A35: 12 | B35: 45639 | C35: W 8882 DS | D35: Pak Hendro | E35: Lotus | F35: Mba Nur Mojokerto | G35: 9000 | H35: 765000 | I35: TF | J35: 450000 | K35: cash | L35: =H35-J35 -> 315000
A36: 13 | B36: 45639 | C36: W 8882 DS | D36: Pak Hendro | E36: CGV | F36: Srengat Blitar | G36: 10000 | H36: 1400000 | I36: TF | J36: 900000 | K36: cash+tf | L36: =H36-J36 -> 500000
A37: 14 | B37: 45642 | C37: W 8882 DS | D37: Pak Hendro | E37: Jempol Sip | F37: Abah Slamet Tobo | G37: 9000 | H37: 1215000 | I37: tf | J37: =700000+25000 -> 725000 | K37: cash | L37: =H37-J37 -> 490000 | M37: =90000+35000 -> 125000
A38: 15 | B38: 45643 | C38: W 8882 DS | D38: Pak Hendro | E38: jempol sip | F38: pak nanang bojonegoro | G38: 10000 | H38: 1300000 | I38: tf | J38: =640000+25000+25000 -> 690000 | K38: tf | L38: =H38-J38 -> 610000
A39: 16 | B39: 45644 | C39: W 8882 DS | D39: Pak Hendro | E39: jempol sip | F39: Abah Mif | G39: 9000 | H39: 900000 | I39: tf | J39: =350000+25000 -> 375000 | K39: tf | L39: =H39-J39 -> 525000
A40: 17 | B40: 45645 | C40: W 8882 DS | D40: Pak Hendro | E40: hiu | F40: Pak Kasan Sukodono | G40: 9000 | H40: 675000 | I40: cash | J40: 375000 | K40: tf | L40: =H40-J40 -> 300000
A41: 18 | B41: 45645 | C41: W 8882 DS | D41: Pak Hendro | E41: SGR | F41: Pak Suparjo Ngawi | G41: 9000 | H41: 1400000 | I41: cash | J41: 900000 | K41: cash | L41: =H41-J41 -> 500000
A42: 19 | B42: 45646 | C42: W 8882 DS | D42: Pak Hendro | E42: Tomat | F42: Bu Tutik Bojonegoro (sumber rejo) | G42: 9000 | H42: 1000000 | I42: tf | J42: 550000 | K42: cash | L42: =H42-J42 -> 450000
A43: 20 | B43: 45647 | C43: W 8882 DS | D43: Pak Hendro | E43: bola | F43: Pak Sukem Ngawi | G43: 10000 | H43: 1500000 | I43: tf | J43: 950000 | K43: cash | L43: =H43-J43 -> 550000
A44: 21 | B44: 45649 | C44: W 8882 DS | D44: Pak Hendro | E44: hiu | F44: Bu Prapti Nganjuk | G44: 10000 | H44: 1200000 | I44: cash | J44: 640000 | K44: tf | L44: =H44-J44 -> 560000 | M44: 150000
A45: 22 | B45: 45650 | C45: W 8882 DS | D45: Pak Hendro | E45: BW | F45: Pak Ridwan Manyar | G45: 9000 | H45: 720000 | I45: cash | J45: 350000 | K45: tf | L45: =H45-J45 -> 370000
A46: 23 | B46: 45652 | C46: W 8882 DS | D46: Pak Hendro | E46: Jempol sip | F46: abah rohmat | G46: 10000 | H46: 1200000 | I46: cash | J46: 690000 | K46: cash | L46: =H46-J46 -> 510000
A47: 24 | B47: 45653 | C47: W 8882 DS | D47: Pak Hendro | E47: lotus | F47: Pak Saiku Malang | G47: 9000 | H47: 1305000 | I47: tf | J47: 725000 | K47: cash | L47: =H47-J47 -> 580000 | M47: 165000
A48: 25 | B48: 45654 | C48: W 8882 DS | D48: Pak Hendro | E48: bola | F48: abah pranoto blitar | G48: 9000 | H48: 1300000 | I48: cash | J48: =850000+25000 -> 875000 | K48: tf | L48: =H48-J48 -> 425000
A49: 26 | B49: 45656 | C49: W 8882 DS | D49: Pak Hendro | E49: panah | F49: bu eni tulangan | G49: 9000 | H49: 800000 | I49: cash | J49: 400000 | K49: tf | L49: =H49-J49 -> 400000
A50: 27 | B50: 45657 | C50: W 8882 DS | D50: Pak Hendro | E50: hiu | F50: Bu Kasmi Madiun | G50: 10000 | H50: 1500000 | I50: tf | J50: 850000 | K50: tf | L50: =H50-J50 -> 650000
L51: =SUM(L24:L50) -> 13495000 | M51: =SUM(M24:M50) -> 1780000
L52: =L51-M51 -> 11715000
A54: NO | B54: TANGGAL | C54: NO. POL | D54: DRIVER | E54: MERK KEDELAI | F54: PENERIMA | G54: BERAT (kg) | H54: ONGKOSAN | I54: KET | J54: SAKU SOPIR | K54: KET | L54: SETORAN | M54: KERUSAKAN
A55: 1 | B55: 45659 | C55: W 8882 DS | D55: Pak Hendro | E55: lotus | F55: bu yeni ngawi | G55: 10000 | H55: 1500000 | I55: tf | J55: 950000 | K55: tf | L55: =H55-J55 -> 550000
A56: 2 | B56: 45660 | C56: W 8882 DS | D56: Pak Hendro | E56: panah | F56: Toko putra bumi berkah | G56: 10000 | H56: 750000 | I56: cash | J56: 375000 | K56: tf | L56: =H56-J56 -> 375000
A57: 3 | B57: 45661 | C57: W 8882 DS | D57: Pak Hendro | E57: panah | F57: abah muh madura | G57: 9000 | H57: 1400000 | I57: tf | J57: 850000 | K57: tf | L57: =H57-J57 -> 550000
A58: 4 | B58: 45663 | C58: W 8882 DS | D58: Pak Hendro | E58: Lotus | F58: Pak Ramin Ngawi | G58: 10000 | H58: 1600000 | I58: tf | J58: 975000 | K58: Cash | L58: =H58-J58 -> 625000 | M58: 683000
A59: 5 | B59: 45664 | C59: W 8882 DS | D59: Pak Hendro | E59: lotus | F59: Toko putra bumi berkah | G59: 9000 | H59: 675000 | I59: cash | J59: 350000 | K59: tf | L59: =H59-J59 -> 325000
A60: 6 | B60: 45665 | C60: W 8882 DS | D60: Pak Hendro | E60: panah | F60: bu tutik bojonegoro kapas/p agus | G60: 9000 | H60: 1035000 | I60: cash | J60: 600000 | K60: tf | L60: =H60-J60 -> 435000
A61: 7 | B61: 45666 | C61: W 8882 DS | D61: Pak Hendro | E61: panah | F61: bu tutik bojonegoro toko/kota | G61: 9000 | H61: 1125000 | I61: cash | J61: 640000 | K61: Cash | L61: =H61-J61 -> 485000
A62: 8 | B62: 45667 | C62: W 8882 DS | D62: Pak Hendro | E62: jempol sip | F62: abah slamet tobo | G62: 9000 | H62: 1215000 | I62: tf | J62: 725000 | K62: Cash | L62: ='P ZAENAL (P9611GA)'!H107-'P ZAENAL (P9611GA)'!J107 -> 435000
A63: 9 | B63: 45670 | C63: W 8882 DS | D63: Pak Hendro | E63: jempol sip | F63: gudang adm | G63: 10000 | H63: 1500000 | I63: tf | J63: 325000 | K63: Cash | L63: ='P ZAENAL (P9611GA)'!H108-'P ZAENAL (P9611GA)'!J108 -> 650000
A64: 10 | B64: 45670 | C64: W 8882 DS | D64: Pak Hendro | E64: lotus | F64: toko putra bumi berkah | G64: 9000 | H64: 675000 | I64: cash | J64: 350000 | K64: Cash | L64: =H64-J64 -> 325000
A65: 11 | B65: 45671 | C65: W 8882 DS | D65: Pak Hendro | E65: hiu | F65: Pak Kasan Sukodono | G65: 9000 | H65: 675000 | I65: cash | J65: 375000 | K65: Cash | L65: =H65-J65 -> 300000
A66: 12 | B66: 45672 | C66: W 8882 DS | D66: Pak Hendro | E66: lotus | F66: bu yeni ngawi | G66: 9000 | H66: 1350000 | I66: tf | J66: 855000 | K66: Cash | L66: =H66-J66 -> 495000
A67: 13 | B67: 45673 | C67: W 8882 DS | D67: Pak Hendro | E67: panah + ragi 7 | F67: bu eni tulangan | G67: 9000 | H67: 800000 | I67: cash | J67: 400000 | K67: Cash | L67: =H67-J67 -> 400000
A68: 14 | B68: 45674 | C68: W 8882 DS | D68: Pak Hendro | E68: bola | F68: pak anwar porong | G68: 10000 | H68: 1000000 | I68: tf | J68: 500000 | K68: tf | L68: =H68-J68 -> 500000 | M68: 1045000
A69: 15 | B69: 45675 | C69: W 8882 DS | D69: Pak Hendro | E69: lotus | F69: abah mif gresik | G69: 9000 | H69: 720000 | I69: tf | J69: 350000 | K69: tf | L69: =H69-J69 -> 370000
A70: 16 | B70: 45677 | C70: W 8882 DS | D70: Pak Hendro | E70: SGR | F70: bu iin sepanjang | G70: 9000 | H70: 675000 | I70: tf | J70: 375000 | K70: cash | L70: =H70-J70 -> 300000
A71: 17 | B71: 45678 | C71: W 8882 DS | D71: Pak Hendro | E71: jempol sip | F71: gudang adm | G71: 10000 | H71: 1500000 | I71: tf | J71: 325000 | K71: tf | L71: =H71-J71 -> 1175000
A72: 18 | B72: 45678 | C72: W 8882 DS | D72: Pak Hendro | E72: lotus | F72: abah slamet tobo | G72: 9000 | H72: 1215000 | I72: tf | J72: 700000 | K72: tf | L72: =H72-J72 -> 515000
A73: 19 | B73: 45679 | C73: W 8882 DS | D73: Pak Hendro | E73: hiu | F73: abah muh madura | G73: 9000 | H73: 1400000 | I73: tf | J73: 850000 | K73: tf | L73: =H73-J73 -> 550000
A74: 20 | B74: 45680 | C74: W 8882 DS | D74: Pak Hendro | E74: hiu | F74: mbak nur mojokerto | G74: 9000 | H74: 765000 | I74: tf | J74: 450000 | K74: tf | L74: =H74-J74 -> 315000 | M74: 40000
A75: 21 | B75: 45681 | C75: W 8882 DS | D75: Pak Gendon | E75: BW + ragi 2 | F75: p ridwan manyar | G75: 9000 | H75: 720000 | I75: tf | J75: 350000 | K75: cash | L75: =H75-J75 -> 370000
A76: 22 | B76: 45682 | C76: W 8882 DS | D76: Pak Gendon | E76: tomat | F76: p ramin ngawi | G76: 9000 | H76: 1440000 | I76: tf | J76: 925000 | K76: tf | L76: =H76-J76 -> 515000
L78: =SUM(L55:L77) -> 10560000 | M78: =SUM(M55:M77) -> 1768000
L79: =L78-M78 -> 8792000
A81: NO | B81: TANGGAL | C81: NO. POL | D81: DRIVER | E81: MERK KEDELAI | F81: PENERIMA | G81: BERAT (kg) | H81: ONGKOSAN | I81: KET | J81: SAKU SOPIR | K81: KET | L81: SETORAN | M81: KERUSAKAN
A82: 1 | B82: 45713 | C82: W 8882 DS | D82: Pak Hendro | E82: tulip | F82: bu iin sepanjang | G82: 9000 | H82: 675000 | I82: tf | J82: 375000 | K82: cash | L82: =H82-J82 -> 300000 | M82: 3500000 | N82: rem
A83: 2 | B83: 45715 | C83: W 8882 DS | D83: Pak Hendro | E83: panah | F83: bu iin sepanjang | G83: 9000 | H83: 675000 | I83: tf | J83: 375000 | K83: cash | L83: =H83-J83 -> 300000 | M83: 58000
M84: 67000
M85: 900000 | N85: nota di p hendro
L86: =SUM(L82:L85) -> 600000 | M86: =SUM(M82:M85) -> 4525000
L87: =L86-M86 -> -3925000
A89: NO | B89: TANGGAL | C89: NO. POL | D89: DRIVER | E89: MERK KEDELAI | F89: PENERIMA | G89: BERAT (kg) | H89: ONGKOSAN | I89: KET | J89: SAKU SOPIR | K89: KET | L89: SETORAN | M89: KERUSAKAN
A90: 1 | B90: 45719 | C90: W 8882 DS | D90: Pak Hendro | E90: panah | F90: pak sugeng kopti sepanjang | G90: 10000 | H90: 750000 | I90: tf | J90: 425000 | K90: cash | L90: =H90-J90 -> 325000
A91: 2 | B91: 45720 | C91: W 8882 DS | D91: Pak Hendro | E91: hiu | F91: bu kasmi madiun | G91: 10000 | H91: 1500000 | I91: tf | J91: 875000 | K91: cash | L91: =H91-J91 -> 625000
A92: 3 | B92: 45721 | C92: W 8882 DS | D92: Pak Hendro | E92: jempol sip | F92: bu yatini ngawi | G92: 9000 | H92: 1350000 | I92: tf | J92: 925000 | K92: cash | L92: =H92-J92 -> 425000
A93: 4 | B93: 45726 | C93: W 8882 DS | D93: Pak Hendro | E93: jempol sip | F93: pak parjo ngawi | G93: 9000 | H93: 1450000 | I93: cash | J93: 925000 | K93: cash | L93: =H93-J93 -> 525000 | M93: 741500
A94: 5 | B94: 45731 | C94: W 8882 DS | D94: Pak Hendro | E94: tulip | F94: bu iin sepanjang | G94: 10000 | H94: 750000 | I94: tf | J94: 400000 | K94: cash | L94: =H94-J94 -> 350000 | M94: 120000
A95: 5 | B95: 45737 | C95: W 8882 DS | D95: M Eki | E95: lotus | F95: roni sederhana malang | G95: 9000 | H95: 1200000 | I95: cash | J95: 640000 | K95: cash | L95: =H95-J95 -> 560000
L97: =SUM(L90:L96) -> 2810000 | M97: =SUM(M90:M96) -> 861500
L98: =L97-M97 -> 1948500
A100: NO | B100: TANGGAL | C100: NO. POL | D100: DRIVER | E100: MERK KEDELAI | F100: PENERIMA | G100: BERAT (kg) | H100: ONGKOSAN | I100: KET | J100: SAKU SOPIR | K100: KET | L100: SETORAN | M100: KERUSAKAN
A101: 1 | B101: 45761 | C101: W 8882 DS | D101: M ilham | E101: BW | F101: p ridwan manyar | G101: 9000 | H101: 720000 | I101: cash | J101: 350000 | K101: cash | L101: =H101-J101 -> 370000 | M101: 500000
A102: 2 | B102: 45764 | C102: W 8882 DS | D102: P Aji | E102: lotus | F102: toko putra bumi berkah | G102: 9000 | H102: 675000 | I102: cash | J102: 350000 | K102: cash | L102: =H102-J102 -> 325000 | M102: 220000
A103: 3 | B103: 45764 | C103: W 8882 DS | D103: P Nanil | E103: BW + ragi 2 | F103: pak ridwan manyar | G103: 9000 | H103: 720000 | I103: cash | J103: 350000 | K103: cash | L103: =H103-J103 -> 370000
A104: 4 | B104: 45765 | C104: W 8882 DS | D104: P Nanil | E104: tomat | F104: bu tutik sumberejo | G104: 9000 | H104: 1000000 | I104: cash | J104: 550000 | K104: cash | L104: =H104-J104 -> 450000
A105: 5 | B105: 45766 | C105: W 8882 DS | D105: P Nanil | E105: TSC | F105: bu tutik toko/kota | G105: 9000 | H105: 1125000 | I105: cash | J105: 640000 | K105: cash | L105: =H105-J105 -> 485000
A106: 6 | B106: 45768 | C106: W 8882 DS | D106: P Nanil | E106: tomat new | F106: p ridwan manyar | G106: 9000 | H106: 720000 | I106: cash | J106: 350000 | K106: cash | L106: =H106-J106 -> 370000 | M106: 118000
A107: 7 | B107: 45769 | C107: W 8882 DS | D107: P Nanil | E107: panah | F107: bu tutik toko/kota | G107: 9000 | H107: 1125000 | I107: cash | J107: 640000 | K107: cash | L107: =H107-J107 -> 485000 | M107: 80000
A108: 8 | B108: 45770 | C108: W 8882 DS | D108: P Nanil | E108: tulip | F108: pak yanto porong | G108: 9000 | H108: 900000 | I108: tf | J108: 450000 | K108: cash | L108: =H108-J108 -> 450000
...

Sheet P TOPEK (W 9695 NA)
B1: TANGGAL | C1: NO. POL | D1: DRIVER | E1: MERK KEDELAI | F1: PENERIMA | G1: BERAT (kg) | H1: ONGKOSAN | I1: KET | J1: SAKU SOPIR | K1: KET | L1: SETORAN | M1: KERUSAKAN
B2: 45545 | C2: W 9695 NA | D2: P Joko | E2: Panah | F2: Abah Parnoto Blitar | G2: 9000 | H2: 1350000 | I2: Cash | J2: 875000 | K2: Cash | L2: =H2-J2 -> 475000 | M2: 250000
B3: 45553 | C3: W 9695 NA | D3: P Joko | E3: Lotus | F3: P Ridwan Manyar | G3: 9000 | H3: 720000 | I3: Cash | J3: 350000 | K3: Cash | L3: =H3-J3 -> 370000 | M3: 0
L4: =SUM(L2:L3) -> 845000 | M4: =SUM(M2:M3) -> 250000
L5: =L4-M4 -> 595000
B7: TANGGAL | C7: NO. POL | D7: DRIVER | E7: MERK KEDELAI | F7: PENERIMA | G7: BERAT (kg) | H7: ONGKOSAN | I7: KET | J7: SAKU SOPIR | K7: KET | L7: SETORAN | M7: KERUSAKAN
B8: 45568 | C8: W 9695 NA | D8: P Joko | E8: Hiu | F8: Toko Putra Bumi Berkah | G8: 9000 | H8: 675000 | I8: Cash | J8: 350000 | K8: Cash | L8: =H8-J8 -> 325000 | M8: 650000
B9: 45569 | C9: W 9695 NA | D9: P Joko | E9: BW | F9: P Ridwan manyar | G9: 9000 | H9: 720000 | I9: Cash | J9: 350000 | K9: Cash | L9: =H9-J9 -> 370000 | M9: 450000
B10: 45570 | C10: W 9695 NA | D10: P Joko | E10: Panah | F10: Toko Putra Bumi Berkah | G10: 9000 | H10: 635000 | I10: Cash | J10: 350000 | K10: Cash | L10: =H10-J10 -> 285000
B11: 45584 | L11: =H11-J11 -> 0 | M11: 3400000
B12: 45589 | L12: =H12-J12 -> 0 | M12: 5450000
L13: =H13-J13 -> 0 | M13: 60000
B14: 45590 | L14: =H14-J14 -> 0 | M14: 225000
B15: 45593 | C15: W 9695 NA | D15: P Prasetyo | E15: Panah | F15: Toko Putra Bumi Berkah | G15: 9000 | H15: 675000 | I15: Cash | J15: 350000 | K15: Cash | L15: =H15-J15 -> 325000 | M15: 120000
B16: 45593 | C16: W 9695 NA | D16: P Prasetyo | E16: Panah | F16: Bu tutik Bojonegoro | G16: 9000 | H16: 1125000 | I16: Cash | J16: 640000 | K16: Cash | L16: =H16-J16 -> 485000
B17: 45595 | C17: W 9695 NA | D17: P Prasetyo | E17: Hiu | F17: Mba Nur Mojokerto | G17: 10000 | H17: 750000 | I17: TF | J17: 450000 | K17: Cash | L17: =H17-J17 -> 300000 | M17: 1228000
B18: 45596 | C18: W 9695 NA | D18: P Prasetyo | E18: Lotus | F18: Toko Putra Bumi Berkah | G18: 9000 | H18: 675000 | I18: Cash | J18: 350000 | K18: Cash | L18: =H18-J18 -> 325000 | M18: 155000
L19: =SUM(L8:L18) -> 2415000 | M19: =SUM(M8:M18) -> 11738000
L20: =L19-M19 -> -9323000
A22: NO | B22: TANGGAL | C22: NO. POL | D22: DRIVER | E22: MERK KEDELAI | F22: PENERIMA | G22: BERAT (kg) | H22: ONGKOSAN | I22: KET | J22: SAKU SOPIR | K22: KET | L22: SETORAN | M22: KERUSAKAN
A23: 1 | B23: 45597 | C23: W 9695 NA | D23: P Prasetyo | E23: Lotus | F23: Abah Mif kopti giri jaya | G23: 9000 | H23: 820000 | I23: TF | J23: 350000 | K23: Cash | L23: =H23-J23 -> 470000
A24: 2 | B24: 45598 | C24: W 9695 NA | D24: P Prasetyo | E24: Panah | F24: P Anwar Porong | G24: 6000 | H24: 600000 | I24: TF | J24: 400000 | K24: Cash | L24: =H24-J24 -> 200000
A25: 3 | B25: 45600 | C25: W 9695 NA | D25: P Prasetyo | E25: Hiu | F25: Pak Yanto Porong | G25: 10000 | H25: 900000 | I25: TF | J25: 500000 | K25: Cash | L25: =H25-J25 -> 400000
A26: 4 | B26: 45602 | C26: W 9695 NA | D26: P Prasetyo | E26: Superbeen | F26: Bu Tutik bojonegoro | G26: 9000 | H26: 1125000 | I26: Cash | J26: 640000 | K26: Cash | L26: =H26-J26 -> 485000 | M26: 3305000
A27: 5 | B27: 45603 | C27: W 9695 NA | D27: P Prasetyo | E27: Panah | F27: Bu Tutik bojonegoro (toko) | G27: 9000 | H27: 1125000 | I27: Cash | J27: 640000 | K27: Cash | L27: =H27-J27 -> 485000
A28: 6 | B28: 45604 | C28: W 9695 NA | D28: P Prasetyo | E28: Panah | F28: Bu Tutik bojonegoro (toko) | G28: 9000 | H28: 1125000 | I28: Cash | J28: 640000 | K28: Cash | L28: =H28-J28 -> 485000
A29: 7 | B29: 45605 | C29: W 9695 NA | D29: P Prasetyo | E29: Lotus | F29: P Ridwan Manyar | G29: 9000 | H29: 720000 | I29: Cash | J29: 350000 | K29: Cash | L29: =H29-J29 -> 370000 | M29: 55000
A30: 8 | B30: 45608 | C30: W 9695 NA | D30: P Prasetyo | E30: Hiu | F30: Pak Yanto Porong | G30: 10000 | H30: 1000000 | I30: TF | J30: 500000 | K30: Cash | L30: =H30-J30 -> 500000 | M30: 95000
A31: 9 | B31: 45609 | C31: W 9695 NA | D31: P Prasetyo | E31: BW + 2 dus Ragi | F31: P Ridwan Manyar | G31: 9000 | H31: 720000 | I31: TF | J31: 350000 | K31: Cash | L31: =H31-J31 -> 370000 | M31: 100000
A32: 10 | B32: 45611 | C32: W 9695 NA | D32: P Prasetyo | E32: Lotus | F32: Abah Mif kopti giri jaya | G32: 9000 | H32: 900000 | I32: TF | J32: 350000 | K32: Cash | L32: =H32-J32 -> 550000 | M32: 125000
A33: 11 | B33: 45614 | C33: W 9695 NA | D33: P Prasetyo | E33: Panah | F33: Bu Eni Tulangin | G33: 9000 | H33: 800000 | I33: Cash | J33: 400000 | K33: Cash | L33: =H33-J33 -> 400000
A34: 12 | B34: 45615 | C34: W 9695 NA | D34: P Prasetyo | E34: Hiu + Bola | F34: Pak Rudi Sidoarjo | G34: 9000 | H34: 720000 | I34: Cash | J34: 400000 | K34: Cash | L34: =H34-J34 -> 320000
A35: 13 | B35: 45616 | C35: W 9695 NA | D35: P Prasetyo | E35: panah | F35: Bu Tutik Bojonegoro Kota | G35: 9000 | H35: 1125000 | I35: Cash | J35: 640000 | K35: Cash | L35: =H35-J35 -> 485000 | M35: 132500
A36: 14 | B36: 45618 | C36: W 9695 NA | D36: P Prasetyo | E36: Superbeen | F36: Bu Tutik bojonegoro (toko) | G36: 9000 | H36: 1125000 | I36: Cash | J36: 640000 | K36: Cash | L36: =H36-J36 -> 485000
A37: 15 | B37: 45619 | C37: W 9695 NA | D37: P Prasetyo | E37: Lotus | F37: Bu iin sepanjang | G37: 9000 | H37: 675000 | I37: TF | J37: 375000 | K37: Cash | L37: =H37-J37 -> 300000
A38: 16 | B38: 45621 | C38: W 9695 NA | D38: P Prasetyo | E38: panah | F38: Bu iin sepanjang | G38: 9000 | H38: 675000 | I38: TF | J38: 375000 | K38: Cash | L38: =H38-J38 -> 300000
A39: 17 | B39: 45622 | C39: W 9695 NA | D39: P Prasetyo | E39: BW | F39: P Ridwan Manyar | G39: 9000 | H39: 720000 | I39: Cash | J39: 350000 | K39: Cash | L39: =H39-J39 -> 370000
A40: 18 | B40: 45624 | C40: W 9695 NA | D40: P Prasetyo | E40: Lotus | F40: Bu iin sepanjang | G40: 9000 | H40: 675000 | I40: TF | J40: 375000 | K40: Cash | L40: =H40-J40 -> 300000
A41: 19 | B41: 45625 | C41: W 9695 NA | D41: P Prasetyo | E41: Lotus | F41: Abah slamet Bojonegoro | G41: 9000 | H41: 1215000 | I41: TF | J41: 700000 | K41: Cash | L41: =H41-J41 -> 515000
A42: 20 | B42: 45626 | C42: W 9695 NA | D42: P Prasetyo | K42: Cash | L42: =H42-J42 -> 0 | M42: 80000
L43: =SUM(L23:L42) -> 7790000 | M43: =SUM(M23:M42) -> 3892500
L44: =L43-M43 -> 3897500
A46: NO | B46: TANGGAL | C46: NO. POL | D46: DRIVER | E46: MERK KEDELAI | F46: PENERIMA | G46: BERAT (kg) | H46: ONGKOSAN | I46: KET | J46: SAKU SOPIR | K46: KET | L46: SETORAN | M46: KERUSAKAN
A47: 1 | B47: 45631 | C47: W 9695 NA | D47: M Ilham | E47: Panah | F47: Bu Tutik Bojonegoro (Kapas) | G47: 9000 | H47: 1035000 | I47: Cash | J47: 600000 | K47: Cash | L47: =H47-J47 -> 435000
A48: 2 | B48: 45632 | C48: W 9695 NA | D48: M Ilham | E48: Panah | F48: Bu Tiwuk Nganjuk | G48: 9000 | H48: 1170000 | I48: Cash | J48: 640000 | K48: Cash | L48: =H48-J48 -> 530000
A49: 3 | B49: 45633 | C49: W 9695 NA | D49: M Ilham | E49: Lotus | F49: Toko Putra Bumi Berkah | G49: 9000 | H49: 675000 | I49: Cash | J49: 350000 | K49: Cash | L49: =H49-J49 -> 325000
A50: 4 | B50: 45635 | C50: W 9695 NA | D50: M Ilham | E50: jempol sip | F50: Pak Saiful Krian | G50: 9000 | H50: 750000 | I50: tf | J50: 425000 | K50: Cash | L50: =H50-J50 -> 325000 | M50: =150000+370000+479000+1346000 -> 2345000
A51: 5 | B51: 45636 | C51: W 9695 NA | D51: M Ilham | E51: Hiu | F51: Mba Nur Mojokerto | G51: 9000 | H51: 765000 | I51: TF | J51: 450000 | K51: Cash | L51: =H51-J51 -> 315000
A52: 6 | B52: 45637 | C52: W 9695 NA | D52: M Ilham | E52: BW + 2 dus ragi | F52: P Ridwan Manyar | G52: 9000 | H52: 720000 | I52: cash | J52: 350000 | K52: Cash | L52: =H52-J52 -> 370000
A53: 7 | B53: 45638 | C53: W 9695 NA | D53: M Ilham | E53: jempol sip | F53: Abah Slamet Tobo | G53: 9000 | H53: 1215000 | I53: TF | J53: =700000+25000 -> 725000 | K53: Cash | L53: =H53-J53 -> 490000
A54: 8 | B54: 45639 | C54: W 9695 NA | D54: M Ilham | E54: jempol sip | F54: Bu Basuki Bojonegoro | G54: 9000 | H54: 1000000 | I54: cash | J54: 550000 | K54: Cash | L54: =H54-J54 -> 450000
A55: 9 | B55: 45640 | C55: W 9695 NA | D55: M Ilham | E55: Panah | F55: Bu Tutik Bojonegoro (sumberejo) | G55: 9000 | H55: 990000 | I55: cash | J55: 550000 | K55: Cash | L55: =H55-J54 -> 440000
A56: 10 | B56: 45642 | C56: W 9695 NA | D56: M Ilham | E56: jempol sip | F56: Abah Kohar | G56: 9000 | H56: 975000 | I56: cash | J56: =500000+25000 -> 525000 | K56: Cash | L56: =H56-J56 -> 450000
A57: 11 | B57: 45643 | C57: W 9695 NA | D57: M Ilham | E57: Prama | F57: Bu Tutik Bojonegoro (kota/ toko) | G57: 9000 | H57: 1125000 | I57: cash | J57: 640000 | K57: Cash | L57: =H57-J57 -> 485000
A58: 12 | B58: 45644 | C58: W 9695 NA | D58: M Ilham | E58: Prama | F58: Pak Ridwan Manyar | G58: 9000 | H58: 720000 | I58: cash | J58: 350000 | K58: Cash | L58: =H58-J58 -> 370000
A59: 13 | B59: 45644 | C59: W 9695 NA | D59: M Ilham | E59: lotus | F59: Mbak Nur Mojokerto | G59: 9000 | H59: 765000 | I59: tf | J59: 450000 | K59: Cash | L59: =H59-J59 -> 315000
A60: 14 | B60: 45645 | C60: W 9695 NA | D60: M Ilham | E60: tulip | F60: Bu Basuki Bojonegoro | G60: 9000 | H60: 1000000 | I60: cash | J60: 550000 | K60: Cash | L60: =H60-J60 -> 450000
A61: 15 | B61: 45646 | C61: W 9695 NA | D61: M Ilham | E61: Lotus + 15 ragi + 6 ragi | F61: Abah Slamet Tobo | G61: 9000 | H61: 1215000 | I61: tf | J61: 700000 | K61: cash | L61: =H61-J61 -> 515000 | M61: 1008000
A62: 16 | B62: 45647 | C62: W 9695 NA | D62: M Ilham | E62: BW | F62: Pak Ridwan Manyar | G62: 9000 | H62: 720000 | I62: cash | J62: 350000 | K62: cash | L62: =H62-J62 -> 370000 | M62: 1523000 | N62: nota di kirim p suryo (kurang 23rb)
A63: 17 | B63: 45647 | C63: W 9695 NA | D63: M Ilham | E63: panah | F63: bu tutik bojonegoro toko/kota | G63: 9000 | H63: 1125000 | I63: cash | J63: 600000 | K63: cash | L63: =H63-J63 -> 525000
A64: 18 | B64: 45647 | C64: W 9695 NA | D64: M Ilham | E64: tulip | F64: Bu Basuki Bojonegoro | G64: 9000 | H64: 1000000 | I64: cash | J64: 550000 | K64: cash | L64: =H64-J64 -> 450000
A65: 19 | B65: 45649 | C65: W 9695 NA | D65: P Sunarto | E65: panah | F65: Bu Tutik Bojonegoro (p agus) | G65: 9000 | H65: 1035000 | I65: cash | J65: 600000 | K65: cash | L65: =H65-J65 -> 435000
A66: 20 | B66: 45650 | C66: W 9695 NA | D66: P Sunarto | E66: prama | F66: bu tutik bojonegoro kota/toko | G66: 9000 | H66: 1125000 | I66: cash | J66: 640000 | K66: cash | L66: =H66-J66 -> 485000
A67: 21 | B67: 45652 | C67: W 9695 NA | D67: P Sunarto | E67: jempol sip | F67: gudang adm | G67: 10000 | H67: 1500000 | I67: tf | J67: 300000 | K67: cash | L67: =H67-J67 -> 1200000
A68: 22 | B68: 45653 | C68: W 9695 NA | D68: P Sunarto | E68: jempol sip | F68: gudang adm | G68: 10000 | H68: 1500000 | I68: tf | J68: 300000 | K68: cash | L68: =H68-J68 -> 1200000 | M68: 450000
A69: 23 | B69: 45653 | C69: W 9695 NA | D69: P Sunarto | E69: panah | F69: abah muh madura | G69: 9000 | H69: 1400000 | I69: tf | J69: 850000 | K69: cash | L69: =H69-J69 -> 550000
A70: 24 | B70: 45654 | C70: W 9695 NA | D70: P Sunarto | E70: lotus | F70: bu iin sepanjang | G70: 9000 | H70: 675000 | I70: tf | J70: 375000 | K70: cash | L70: =H70-J70 -> 300000
A71: 25 | B71: 45656 | C71: W 9695 NA | D71: P Sunarto | E71: lotus | F71: abah yudi burno | G71: 9000 | H71: 900000 | I71: cash | J71: 500000 | K71: cash | L71: =H71-J71 -> 400000
A72: 26 | B72: 45657 | C72: W 9695 NA | D72: P Sunarto | E72: sgr | F72: bu iin sepanjang | G72: 9000 | H72: 675000 | I72: cash | J72: 375000 | K72: cash | L72: =H72-J72 -> 300000
A73: 27 | B73: 45657 | C73: W 9695 NA | D73: P Sunarto | E73: lotus + ragi 5 | F73: abah mif gresik | G73: 9000 | H73: 720000 | I73: tf | J73: 350000 | K73: cash | L73: =H73-J73 -> 370000
L74: =SUM(L47:L73) -> 12850000 | M74: =SUM(M47:M73) -> 5326000
L75: =L74-M74 -> 7524000
A76: NO | B76: TANGGAL | C76: NO. POL | D76: DRIVER | E76: MERK KEDELAI | F76: PENERIMA | G76: BERAT (kg) | H76: ONGKOSAN | I76: KET | J76: SAKU SOPIR | K76: KET | L76: SETORAN | M76: KERUSAKAN
A77: 1 | B77: 45659 | C77: W 9695 NA | D77: P Sunarto | E77: lotus + ragi 5 | F77: abah mif gresik | G77: 9000 | H77: 720000 | I77: tf | J77: 350000 | K77: cash | L77: =H77-J77 -> 370000 | M77: 435000 | N77: p sunarto kalo ke bjn potong kasbon
A78: 2 | B78: 45661 | C78: W 9695 NA | D78: P Sunarto | E78: lotus | F78: Abah slamet tobo | G78: 9000 | H78: 1215000 | I78: tf | J78: 700000 | K78: cash | L78: =H78-J78 -> 515000
A79: 3 | B79: 45663 | C79: W 9695 NA | D79: P Sunarto | E79: panah | F79: Toko Putra Bumi Berkah | G79: 9000 | H79: 1215000 | I79: cash | J79: 350000 | K79: cash | L79: =H79-J79 -> 865000
A80: 4 | B80: 45664 | C80: W 9695 NA | D80: P Sunarto | E80: hiu + ragi 2 | F80: abah mif gresik | G80: 9000 | H80: 900000 | I80: tf | J80: 350000 | K80: cash | L80: =H80-J80 -> 550000
A81: 5 | B81: 45664 | C81: W 9695 NA | D81: P Sunarto | E81: ragi 2 | F81: pak ji hiu | H81: 0 | J81: 0 | L81: =H81-J81 -> 0
A82: 6 | B82: 45665 | C82: W 9695 NA | D82: P Sunarto | E82: prama | F82: bu tutik bojonegoro toko/kota | G82: 9000 | H82: 1125000 | I82: cash | J82: 640000 | K82: cash | L82: =H82-J82 -> 485000
A83: 7 | B83: 45666 | C83: W 9695 NA | D83: P Sunarto | E83: prama 5, panah 4 | F83: Bu Tutik Bojonegoro (p agus) | G83: 9000 | H83: 1035000 | I83: cash | J83: 600000 | K83: cash | L83: =H83-J83 -> 435000
A84: 8 | B84: 45667 | C84: W 9695 NA | D84: P Sunarto | E84: BW | F84: Pak Ridwan Manyar | G84: 9000 | H84: 720000 | I84: cash | J84: 350000 | K84: cash | L84: =H84-J84 -> 370000
A85: 9 | B85: 45667 | C85: W 9695 NA | D85: P Sunarto | E85: tulip | F85: pak yanto porong | G85: 9000 | H85: 1000000 | I85: tf | J85: 450000 | K85: cash | L85: =H85-J85 -> 550000
A86: 10 | B86: 45668 | C86: W 9695 NA | D86: P Sunarto | E86: jempol sip | F86: pak nain sidoarjo | G86: 9000 | H86: 900000 | I86: tf | J86: 425000 | K86: cash | L86: =H86-J86 -> 475000
A87: 11 | B87: 45670 | C87: W 9695 NA | D87: P Sunarto | E87: jempol sip | F87: pak anwar porong | G87: 9000 | H87: 900000 | I87: tf | J87: 475000 | K87: cash | L87: =H87-J87 -> 425000 | M87: 275000
A88: 12 | B88: 45671 | C88: W 9695 NA | D88: P Sunarto | E88: lotus | F88: abah mif gresik | G88: 9000 | H88: 720000 | I88: tf | J88: 350000 | K88: cash | L88: =H88-J88 -> 370000 | M88: 1380000 | N88: nota di bapak
A89: 13 | B89: 45671 | C89: W 9695 NA | D89: P Sunarto | E89: tulip | F89: bu iin sepanjang | G89: 9000 | H89: 675000 | I89: tf | J89: 375000 | K89: tf | L89: =H89-J89 -> 300000
A90: 14 | B90: 45672 | C90: W 9695 NA | D90: P Sunarto | E90: jempol sip | F90: gudang adm | G90: 10000 | H90: 1500000 | I90: tf | J90: 325000 | K90: tf | L90: =H90-J90 -> 1175000
A91: 15 | B91: 45672 | C91: W 9695 NA | D91: P Sunarto | E91: panah | F91: bu tutik bojonegoro kapas/ p agus | G91: 9000 | H91: 1035000 | I91: cash | J91: 600000 | K91: tf | L91: =H91-J91 -> 435000
A92: 16 | B92: 45673 | C92: W 9695 NA | D92: P Sunarto | E92: prama | F92: bu tutik bojonegoro kapas/ p agus | G92: 9000 | H92: 1035000 | I92: cash | J92: 600000 | K92: cash | L92: =H92-J92 -> 435000
A93: 17 | B93: 45674 | C93: W 9695 NA | D93: P Sunarto | E93: lotus | F93: bu iin sepanjang | G93: 9000 | H93: 675000 | I93: tf | J93: 375000 | K93: cash | L93: =H93-J93 -> 300000
A94: 18 | B94: 45675 | C94: W 9695 NA | D94: P Sunarto | E94: panah | F94: Toko Putra Bumi Berkah | G94: 9000 | H94: 675000 | I94: cash | J94: 350000 | K94: cash | L94: =H94-J94 -> 325000 | M94: 710000
A95: 19 | B95: 45677 | C95: W 9695 NA | D95: P Sunarto | E95: lotus | F95: Pak Saiku Malang | G95: 9000 | H95: 1305000 | I95: tf | J95: 725000 | K95: tf | L95: =H95-J95 -> 580000
A96: 20 | B96: 45678 | C96: W 9695 NA | D96: P Sunarto | E96: prama | F96: bu tutik bojonegoro toko/kota | G96: 9000 | H96: 1125000 | I96: cash | J96: 640000 | K96: tf | L96: =H96-J96 -> 485000
A97: 21 | B97: 45679 | C97: W 9695 NA | D97: P Sunarto | E97: jempol sip | F97: gudang adm | G97: 10000 | H97: 1500000 | I97: tf | J97: 325000 | K97: tf | L97: =H97-J97 -> 1175000 | M97: 4695000
A98: 22 | B98: 45680 | C98: W 9695 NA | D98: P Sunarto | E98: jempol sip | F98: Abah slamet tobo | G98: 9000 | H98: 1215000 | I98: tf | J98: 725000 | K98: tf | L98: =H98-J98 -> 490000 | M98: 150000
A99: 23 | B99: 45682 | C99: W 9695 NA | D99: P Sunarto | E99: hiu | F99: bu yatini ngawi | G99: 9000 | H99: 1400000 | I99: tf | J99: 900000 | K99: tf | L99: =H99-J99 -> 500000 | M99: 164000
L101: =SUM(L77:L99) -> 11610000 | M101: =SUM(M77:M99) -> 7809000
L102: =L101-M101 -> 3801000
A104: NO | B104: TANGGAL | C104: NO. POL | D104: DRIVER | E104: MERK KEDELAI | F104: PENERIMA | G104: BERAT (kg) | H104: ONGKOSAN | I104: KET | J104: SAKU SOPIR | K104: KET | L104: SETORAN | M104: KERUSAKAN
A105: 1 | B105: 45691 | C105: W 9695 NA | D105: P Sunarto | E105: jempol sip + ragi 5 | F105: Abah slamet tobo | G105: 9000 | H105: 1215000 | I105: tf | J105: 725000 | K105: cash | L105: =H105-J105 -> 490000
...

Sheet PENGELUARAN LAIN LAIN
A1: TANGGAL | B1: Nopol | C1: DRIVER | D1: KETERANGAN | E1: NOMINAL KERUSAKAN
A2: 45132 | B2: W 8962 DO | C2: M Bayu | E2: 310000
A3: 45132 | E3: 24000
E4: =SUM(E2:E3) -> 334000
A6: TANGGAL | B6: Nopol | C6: DRIVER | D6: KETERANGAN | E6: NOMINAL KERUSAKAN
A7: 45139 | D7: Pembelian 3 tong | E7: 570000
A8: 45140 | D8: Kawalan 6 truk untuk 3 blan kedepan | E8: 1350000
A9: 45148 | D9: Pembelian stok meditran oli sc 30 ltr | E9: 1230000
A10: 45160 | B10: L 9524 BK | C10: P Suud | D10: Kerusakan L 300 pick up toko | E10: 925000
A11: 45160 | C11: M 8382 UA | D11: Konsumsi p aji ambil truk p eko ke sragen | E11: 300000
E12: =SUM(E7:E11) -> 4375000
A14: TANGGAL | B14: Nopol | C14: DRIVER | D14: KETERANGAN | E14: NOMINAL KERUSAKAN
A15: 45211 | C15: Mas bayu | D15: Bongkar ban | E15: 50000
A16: 45223 | D16: Pembelian stok meditran oli sc 50 ltr (5 Galon) | E16: 2025000
E17: =SUM(E15:E16) -> 2075000
A19: TANGGAL | C19: DRIVER | D19: KETERANGAN | E19: NOMINAL KERUSAKAN
A20: 45231 | D20: Kawalan 6 truk sampai januari 2024 (3 bulan) | E20: 1350000
E21: =SUM(E20) -> 1350000
A23: TANGGAL | C23: DRIVER | D23: KETERANGAN | E23: NOMINAL KERUSAKAN
A24: 45317 | D24: Led kedip P Aji | E24: 52000
D25: Lampu led 3 mata terang 24 Volt P Aji | E25: 50000
D26: Biaya balik Nama G 1475 TF | E26: 5000000
D27: Beli ban G 1475 TF | E27: 3200000
E28: =SUM(E24:E27) -> 8302000
A30: TANGGAL | C30: DRIVER | D30: KETERANGAN | E30: NOMINAL KERUSAKAN
A31: 45359 | D31: Bayar kawalan 5 truk | E31: 1127500
E32: =SUM(E31) -> 1127500
A35: TANGGAL | C35: DRIVER | D35: KETERANGAN | E35: NOMINAL KERUSAKAN
A36: 45601 | C36: Pak Pras dituker M diki | D36: Ngepok | E36: 150000
E37: =SUM(E36) -> 150000
A40: TANGGAL | C40: DRIVER | D40: KETERANGAN | E40: NOMINAL KERUSAKAN
A41: 45630 | D41: Bayar kawalan 5 truk | E41: 1127500
E42: =SUM(E41) -> 1127500
A44: TANGGAL | C44: DRIVER | D44: KETERANGAN | E44: NOMINAL KERUSAKAN
A45: 45692 | D45: Bayar kawalan 5 truk bulan 2-4 | E45: 1125000
D46: biaya adm | E46: 2500
E47: =SUM(E45:E46) -> 1127500
A49: TANGGAL | C49: DRIVER | D49: KETERANGAN | E49: NOMINAL KERUSAKAN
A50: 45783 | D50: Bayar kawalan 5 truk bulan 5-7 | E50: 1125000
D51: biaya adm | E51: 2500
E52: =SUM(E50:E51) -> 1127500
A54: TANGGAL | C54: DRIVER | D54: KETERANGAN | E54: NOMINAL KERUSAKAN
A55: 45875 | D55: Bayar kawalan 5 truk bulan 8-10 | E55: 1125000
D56: biaya adm | E56: 2500
E57: =SUM(E55:E56) -> 1127500

Sheet (W 8707 DQ)
B1: TANGGAL | C1: NO. POL | D1: DRIVER | E1: MERK KEDELAI | F1: PENERIMA | G1: BERAT (kg) | H1: ONGKOSAN | I1: KET | J1: SAKU SOPIR | K1: KET | L1: SETORAN | M1: KERUSAKAN
B2: 45556
B6: 45557 | M6: 330000
B7: 45558 | C7: S 8329 WI | D7: Pak sutari | E7: Hiu | F7: Pak ridwan Manyar | G7: 9000 | H7: 720000 | I7: Cash | J7: 350000 | K7: Cash | L7: =H7-J7 -> 370000 | M7: 665000
B8: 45559 | C8: S 8329 WI | D8: Pak sutari | E8: Panah | F8: Bu tutik Bojonegoro | G8: 9000 | H8: 1125000 | I8: Cash | J8: 640000 | K8: Cash | L8: =H8-J8 -> 485000 | M8: 3795000
B9: 45561 | C9: S 8329 WI | D9: Pak sutari | E9: Hiu | F9: Pak Yanto Kopti Porong | G9: 10000 | H9: 900000 | I9: Tf | J9: 500000 | K9: Cash | L9: =H9-J9 -> 400000
B10: 45562 | C10: S 8329 WI | D10: Pak sutari | E10: Panah | F10: Abah Zakariya Jombang | G10: 10000 | H10: 1100000 | I10: TF | J10: 600000 | K10: Cash | L10: =H10-J10 -> 500000 | M10: 20000
B11: 45563 | C11: S 8329 WI | D11: Pak sutari | E11: Hiu | F11: Bu prapti nganjuk | G11: 9000 | H11: 1200000 | I11: Cash | J11: 640000 | K11: Cash | L11: =H11-J11 -> 560000 | M11: 4380000
B12: 45565 | C12: S 8329 WI | D12: Pak sutari | E12: Hiu | F12: Bu prapti nganjuk | G12: 9000 | H12: 1200000 | I12: Cash | J12: 640000 | K12: Cash | L12: =H12-J12 -> 560000
L13: =SUM(L7:L12) -> 2875000 | M13: =SUM(M2:M12) -> 9190000
L14: =L13-M13 -> -6315000
B16: TANGGAL | C16: NO. POL | D16: DRIVER | E16: MERK KEDELAI | F16: PENERIMA | G16: BERAT (kg) | H16: ONGKOSAN | I16: KET | J16: SAKU SOPIR | K16: KET | L16: SETORAN | M16: KERUSAKAN
B17: 45566 | C17: S 8329 WI | D17: Pak sutari | E17: BW | F17: P Ridwan manyar | G17: 9000 | H17: 720000 | I17: Cash | J17: 350000 | K17: Cash | L17: =H17-J17 -> 370000 | M17: 570000
B18: 45567 | C18: S 8329 WI | D18: Pak sutari | E18: Panah | F18: Umik Nardi Malang | G18: 10000 | H18: 1500000 | I18: TF | J18: 750000 | K18: Cash | L18: =H18-J18 -> 750000
B19: 45568 | C19: S 8329 WI | D19: Pak sutari | E19: Jempol Sip | F19: Abah Rohmat kediri | G19: 10000 | H19: 1300000 | I19: Cash | J19: 740000 | K19: Cash | L19: =H19-J19 -> 560000
B20: 45569 | C20: S 8329 WI | D20: Pak sutari | E20: Panah | F20: Abah Zakariya Jombang | G20: 10000 | H20: 1100000 | I20: TF | J20: 600000 | K20: Cash | L20: =H20-J20 -> 500000 | M20: 50000
B21: 45572 | C21: S 8329 WI | D21: Pak sutari | E21: Hiu | F21: Pak Yanto Kopti Porong | G21: 10000 | H21: 1000000 | I21: TF | J21: 500000 | K21: Cash | L21: =H21-J21 -> 500000 | M21: 108000
B22: 45573 | C22: S 8329 WI | D22: Pak sutari | E22: BW | F22: P Ridwan manyar | G22: 9000 | H22: 720000 | I22: Cash | J22: 350000 | K22: Cash | L22: =H22-J22 -> 370000
B23: 45574 | C23: S 8329 WI | D23: Pak sutari | E23: Hiu | F23: Toko Puta Bumi Berkah | G23: 10000 | H23: 750000 | I23: Cash | J23: 375000 | K23: Cash | L23: =H23-J23 -> 375000
B24: 45576 | C24: S 8329 WI | D24: Pak sutari | E24: Panah | F24: Pak Anwar Porong | G24: 8000 | H24: 800000 | I24: TF | J24: 400000 | K24: Cash | L24: =H24-J24 -> 400000
B25: 45577 | C25: S 8329 WI | D25: Pak sutari | E25: Panah | F25: Abah Zakariya Jombang | G25: 10000 | H25: 1100000 | I25: TF | J25: 600000 | K25: Cash | L25: =H25-J25 -> 500000 | M25: 10000
B26: 45580 | C26: S 8329 WI | D26: Pak sutari | E26: Superbeen | F26: Bu Tutik bojonegoro | G26: 9000 | H26: 1125000 | I26: Cash | J26: 640000 | K26: Cash | L26: =H26-J26 -> 485000
B27: 45581 | C27: S 8329 WI | D27: Pak sutari | E27: Hiu | F27: Bu Prapti Nganjuk | G27: 10000 | H27: 1300000 | I27: Cash | J27: 690000 | K27: Cash | L27: =H27-J27 -> 610000 | M27: 65000
B28: 45583 | C28: S 8329 WI | D28: Pak sutari | E28: Superbeen | F28: Bu Tutik bojonegoro | G28: 9000 | H28: 1125000 | I28: Cash | J28: 640000 | K28: Cash | L28: =H28-J28 -> 485000
B29: 45584 | C29: S 8329 WI | D29: Pak sutari | E29: Panah | F29: Bu kasmi madiun | G29: 10000 | H29: 1500000 | I29: TF | J29: 850000 | K29: Cash | L29: =H29-J29 -> 650000
B30: 45586 | C30: S 8329 WI | D30: Pak sutari | E30: Jempol Sip | F30: Abah slamet tobo | G30: 9000 | H30: 1215000 | I30: TF | J30: 700000 | K30: Cash | L30: =H30-J30 -> 515000
B31: 45587 | C31: S 8329 WI | D31: Pak sutari | E31: Hiu | F31: Mba Nur Mojokerto | G31: 9000 | H31: 765000 | I31: TF | J31: 450000 | K31: Cash | L31: =H31-J31 -> 315000
B32: 45588 | C32: S 8329 WI | D32: Pak sutari | E32: Jempol Sip | F32: Abah Rohmat kediri | G32: 9000 | H32: 1200000 | I32: Cash | J32: 690000 | K32: Cash | L32: =H32-J32 -> 510000 | M32: 100000
B33: 45590 | C33: S 8329 WI | D33: Pak sutari | E33: BW | F33: Bu Tutik bojonegoro | G33: 9000 | H33: 1125000 | I33: Cash | J33: 640000 | K33: Cash | L33: =H33-J33 -> 485000
B34: 45591 | C34: S 8329 WI | D34: Pak sutari | E34: Panah | F34: Bu Tutik bojonegoro | G34: 9000 | H34: 1035000 | I34: Cash | J34: 600000 | K34: Cash | L34: =H34-J34 -> 435000
B35: 45593 | C35: S 8329 WI | D35: Pak sutari | E35: Jempol Sip | F35: Kopti Sepanjang | G35: 10000 | H35: 750000 | I35: Cash | J35: 425000 | K35: Cash | L35: =H35-J35 -> 325000 | M35: 790000
B36: 45594 | C36: S 8329 WI | D36: Pak sutari | E36: BW | F36: P Ridwan manyar | G36: 9000 | H36: 720000 | I36: Cash | J36: 350000 | K36: Cash | L36: =H36-J36 -> 370000
B37: 45595 | C37: S 8329 WI | D37: Pak sutari | E37: Panah | F37: Bu Tutik bojonegoro | G37: 9000 | H37: 1035000 | I37: Cash | J37: 600000 | K37: Cash | L37: =H37-J37 -> 435000
L38: =SUM(L17:L37) -> 9945000 | M38: =SUM(M17:M37) -> 1693000
L39: =L38-M38 -> 8252000
A41: NO | B41: TANGGAL | C41: NO. POL | D41: DRIVER | E41: MERK KEDELAI | F41: PENERIMA | G41: BERAT (kg) | H41: ONGKOSAN | I41: KET | J41: SAKU SOPIR | K41: KET | L41: SETORAN | M41: KERUSAKAN
A42: 1 | B42: 45597 | C42: S 8329 WI | D42: Pak sutari | E42: Hiu + Bola | F42: Pak Rudi Sidoarjo | G42: 9000 | H42: 720000 | I42: Cash | J42: 400000 | K42: Cash | L42: =H42-J42 -> 320000
A43: 2 | B43: 45598 | C43: S 8329 WI | D43: Pak sutari | E43: Panah | F43: Bu Tutik bojonegoro | G43: 9000 | H43: 1035000 | I43: Cash | J43: 600000 | K43: Cash | L43: =H43-J43 -> 435000
A44: 3 | B44: 45601 | C44: S 8329 WI | D44: Pak sutari | E44: Hiu | F44: Bu Prapti Nganjuk | G44: 9000 | H44: 1200000 | I44: Cash | J44: 640000 | K44: Cash | L44: =H44-J44 -> 560000
A45: 4 | B45: 45602 | C45: S 8329 WI | D45: Pak sutari | E45: Panah | F45: Toko Puta Bumi Berkah | G45: 9000 | H45: 675000 | I45: Cash | J45: 350000 | K45: Cash | L45: =H45-J45 -> 325000
A46: 5 | B46: 45603 | C46: S 8329 WI | D46: Pak sutari | E46: Jempol sip | F46: Abah slamet tobo | G46: 9000 | H46: 1215000 | I46: TF | J46: 700000 | K46: Cash | L46: =H46-J46 -> 515000
A47: 6 | B47: 45605 | C47: S 8329 WI | D47: Pak sutari | E47: Hiu | F47: Mba Nur Mojokerto | G47: 9000 | H47: 765000 | I47: TF | J47: 450000 | K47: Cash | L47: =H47-J47 -> 315000
A48: 7 | B48: 45607 | C48: S 8329 WI | D48: Pak sutari | E48: jempol sip | F48: Abah Mif Kopti giri | G48: 9000 | H48: 720000 | I48: TF | J48: 350000 | K48: Cash | L48: =H48-J48 -> 370000
A49: 8 | B49: 45608 | C49: S 8329 WI | D49: Pak sutari | E49: Lotus | F49: Abah Yudi Burno | G49: 9000 | H49: 900000 | I49: Cash | J49: 500000 | K49: Cash | L49: =H49-J49 -> 400000 | M49: 24000
A50: 9 | B50: 45609 | C50: S 8329 WI | D50: Pak sutari | E50: Lotus | F50: Bu Tutik bojonegoro | G50: 9000 | H50: 1125000 | I50: Cash | J50: 640000 | K50: Cash | L50: =H50-J50 -> 485000
A51: 10 | B51: 45611 | C51: S 8329 WI | D51: Pak sutari | E51: Hiu | F51: Bu Kasmi Madiun | G51: 10000 | H51: 1500000 | I51: TF | J51: 850000 | K51: Cash | L51: =H51-J51 -> 650000 | M51: 155000
A52: 11 | B52: 45614 | C52: S 8329 WI | D52: Pak sutari | E52: Lotus | F52: Mba Nur Mojokerto | G52: 9000 | H52: 765000 | I52: TF | J52: 450000 | K52: Cash | L52: =H52-J52 -> 315000 | M52: 130000
A53: 12 | B53: 45615 | C53: S 8329 WI | D53: Pak sutari | E53: Superbeen | F53: Bu Tutik bojonegoro | G53: 9000 | H53: 1125000 | I53: Cash | J53: 640000 | K53: Cash | L53: =H53-J53 -> 485000
A54: 13 | B54: 45616 | C54: S 8329 WI | D54: Pak sutari | E54: jempol sip | F54: Abah Mif Kopti giri | G54: 9000 | H54: 720000 | I54: TF | J54: 350000 | K54: Cash | L54: =H54-J54 -> 370000
A55: 14 | B55: 45617 | C55: S 8329 WI | D55: Pak sutari | E55: BW + 2 dus ragi | F55: P Ridwan manyar | G55: 9000 | H55: 720000 | I55: Cash | J55: 350000 | K55: Cash | L55: =H55-J55 -> 370000
A56: 15 | B56: 45618 | C56: S 8329 WI | D56: Pak sutari | E56: Panah | F56: Bu Tutik bojonegoro (kapas) | G56: 9000 | H56: 1035000 | I56: Cash | J56: 600000 | K56: Cash | L56: =H56-J56 -> 435000 | M56: 260000
A57: 16 | B57: 45621 | C57: S 8329 WI | D57: Pak sutari | E57: hiu | F57: Mba Nur Mojokerto | G57: 9000 | H57: 765000 | I57: TF | J57: 450000 | K57: Cash | L57: =H57-J57 -> 315000
A58: 17 | B58: 45622 | C58: S 8329 WI | D58: Pak sutari | E58: jempol sip | F58: Abah slamet tobo | G58: 9000 | H58: 1215000 | I58: TF | J58: 725000 | K58: Cash | L58: =H58-J58 -> 490000
A59: 18 | B59: 45624 | C59: S 8329 WI | D59: Pak sutari | E59: jempol sip | F59: Abah Rohmat Kediri | G59: 9000 | H59: 1200000 | I59: Cash | J59: 690000 | K59: Cash | L59: =H59-J59 -> 510000
A60: 19 | B60: 45625 | C60: S 8329 WI | D60: Pak sutari | E60: BW + 2 dus ragi | F60: P Ridwan manyar | G60: 9000 | H60: 720000 | I60: Cash | J60: 350000 | K60: Cash | L60: =H60-J60 -> 370000
A61: 20 | B61: 45626 | C61: S 8329 WI | D61: Pak sutari | E61: Hiu | F61: Bu Kasmi Madiun | G61: 10000 | H61: 1500000 | I61: TF | J61: 850000 | K61: Cash | L61: =H61-J61 -> 650000 | M61: 40000
L62: =SUM(L40:L61) -> 8685000 | M62: =SUM(M40:M61) -> 609000
L63: =L62-M62 -> 8076000
A65: NO | B65: TANGGAL | C65: NO. POL | D65: DRIVER | E65: MERK KEDELAI | F65: PENERIMA | G65: BERAT (kg) | H65: ONGKOSAN | I65: KET | J65: SAKU SOPIR | K65: KET | L65: SETORAN | M65: KERUSAKAN
A66: 1 | B66: 45628 | C66: S 8329 WI | D66: Pak sutari | E66: Panah | F66: Abah Muh Madura | G66: 9000 | H66: 1400000 | I66: TF | J66: 850000 | K66: Cash | L66: =H66-J66 -> 550000 | M66: 590000
A67: 2 | B67: 45630 | C67: S 8329 WI | D67: Pak sutari | E67: Jempol Sip | F67: Abah Rohmat Kediri | G67: 9000 | H67: 1200000 | I67: Cash | J67: 690000 | K67: Cash | L67: =H67-J67 -> 510000 | M67: 268000 | N67: Nota belum | O67: cash
A68: 3 | B68: 45631 | C68: S 8329 WI | D68: Pak sutari | E68: Lotus | F68: Bu Tutik Bojonegoro | G68: 9000 | H68: 1125000 | I68: Cash | J68: 640000 | K68: Cash | L68: =H68-J68 -> 485000 | O68: cash
A69: 4 | B69: 45632 | C69: S 8329 WI | D69: Pak sutari | E69: BW | F69: P Ridwan Manyar | G69: 9000 | H69: 720000 | I69: Cash | J69: 350000 | K69: Cash | L69: =H69-J69 -> 370000
A70: 5 | B70: 45633 | C70: S 8329 WI | D70: Pak sutari | E70: Jempol Sip | F70: Bu basuki sumber rejo | G70: 9000 | H70: 1000000 | I70: Cash | J70: 550000 | K70: Cash | L70: =H70-J70 -> 450000
A71: 6 | B71: 45635 | C71: S 8329 WI | D71: Pak sutari | E71: Jempol Sip | F71: Bu basuki sumber rejo | G71: 9000 | H71: 1000000 | I71: Cash | J71: 550000 | K71: Cash | L71: =H71-J71 -> 450000 | M71: 45000
A72: 7 | B72: 45636 | C72: S 8329 WI | D72: Pak sutari | E72: Panah | F72: Bu Tutik Bojonegoro (kota) | G72: 9000 | H72: 1125000 | I72: Cash | J72: 640000 | K72: Cash | L72: =H72-J72 -> 485000
A73: 8 | B73: 45637 | C73: S 8329 WI | D73: Pak sutari | E73: Jempol Sip | F73: Abah Rohmat Kediri | G73: 9000 | H73: 1200000 | I73: Cash | J73: 690000 | K73: Cash | L73: =H73-J73 -> 510000
A74: 9 | B74: 45638 | C74: S 8329 WI | D74: Pak sutari | E74: Kedelai Reject | F74: Mbak Nur Mojokerto | G74: 9000 | H74: 761770 | I74: TF | J74: 400000 | K74: Cash | L74: =H74-J74 -> 361770
A75: 10 | B75: 45639 | C75: S 8329 WI | D75: Pak sutari | E75: Hiu + Bola | F75: Pak Rudi Sidoarjo | G75: 9000 | H75: 720000 | I75: Cash | J75: 400000 | K75: Cash | L75: =H75-J75 -> 320000
A76: 11 | B76: 45640 | C76: S 8329 WI | D76: Pak sutari | E76: Jempol Sip | F76: Abah Kohar Mbruno | G76: 10000 | H76: 975000 | I76: cash | J76: =550000+25000 -> 575000 | K76: tf | L76: =H76-J76 -> 400000 | N76: Saku P sutari kelebihan 50rb
A77: 12 | B77: 45642 | C77: S 8329 WI | D77: Pak sutari | E77: panah + 6 ragi | F77: Bu Tutik bojonegoro Toko | G77: 9000 | H77: 1125000 | I77: cash | J77: 640000 | K77: cash | L77: =H77-J77 -> 485000
A78: 13 | B78: 45643 | C78: S 8329 WI | D78: Pak sutari | E78: lotus | F78: Bu basuki sumber rejo | G78: 9000 | H78: 1000000 | I78: cash | J78: 550000 | K78: cash | L78: =H78-J78 -> 450000
A79: 14 | B79: 45644 | C79: S 8329 WI | D79: Pak sutari | E79: SGR | F79: Bu Iin Sepanjang | G79: 9000 | H79: 675000 | I79: tf | J79: 375000 | K79: cash | L79: =H79-J79 -> 300000
A80: 15 | B80: 45644 | C80: S 8329 WI | D80: Pak sutari | E80: lotus | F80: Abah Slamet Tobo | G80: 9000 | H80: 1215000 | I80: tf | J80: 700000 | K80: cash | L80: =H80-J80 -> 515000
A81: 16 | B81: 45645 | C81: S 8329 WI | D81: Pak sutari | E81: hiu | F81: abah muh madura | G81: 9000 | H81: 1400000 | I81: tf | J81: 850000 | K81: cash | L81: =H81-J81 -> 550000
A82: 17 | B82: 45646 | C82: S 8329 WI | D82: Pak sutari | E82: Jempol sip | F82: Bu basuki sumber rejo | G82: 9000 | H82: 1000000 | I82: cash | J82: =550000+25000 -> 575000 | K82: cash | L82: =H82-J82 -> 425000
A83: 18 | B83: 45647 | C83: S 8329 WI | D83: Pak sutari | E83: SGR | F83: Bu Puji Bangsal | G83: 10000 | H83: 900000 | I83: tf | J83: 450000 | K83: cash | L83: =H83-J83 -> 450000 | M83: 550000
A84: 19 | B84: 45649 | C84: S 8329 WI | D84: M Ilham | E84: panah | F84: Bu Tutik Bojonegoro (kota/toko) | G84: 9000 | H84: 1125000 | I84: cash | J84: 640000 | K84: cash | L84: =H84-J84 -> 485000
A85: 20 | B85: 45650 | C85: S 8329 WI | D85: M Ilham | E85: prama | F85: bu tutik bojonegoro kota/toko | G85: 9000 | H85: 1125000 | I85: cash | J85: 640000 | K85: cash | L85: =H85-J85 -> 485000 | M85: 705000 | N85: kerusakan tg 27/12
A86: 21 | B86: 45653 | C86: S 8329 WI | D86: Pak Abdul | E86: lotus | F86: Abah Slamet Tobo | G86: 9000 | H86: 1215000 | I86: tf | J86: 700000 | K86: cash | L86: =H86-J86 -> 515000
A87: 22 | B87: 45654 | C87: S 8329 WI | D87: Pak Abdul | E87: Jempol sip | F87: bu kasmi madiun | G87: 10000 | H87: 1500000 | I87: tf | J87: 850000 | K87: tf | L87: ='P SENO (S9509NG)'!H147-'P SENO (S9509NG)'!J147 -> 1200000
A88: 23 | B88: 45656 | C88: S 8329 WI | D88: Pak Abdul | E88: Jempol sip | F88: Bu basuki sumber rejo | G88: 9000 | H88: 1000000 | I88: cash | J88: =550000+25000 -> 575000 | K88: tf | L88: =H88-J88 -> 425000 | N88: masih di mas abdul
L89: =SUM(L66:L88) -> 11176770 | M89: =SUM(M66:M88) -> 2158000
L90: =L89-M89 -> 9018770
A92: NO | B92: TANGGAL | C92: NO. POL | D92: DRIVER | E92: MERK KEDELAI | F92: PENERIMA | G92: BERAT (kg) | H92: ONGKOSAN | I92: KET | J92: SAKU SOPIR | K92: KET | L92: SETORAN | M92: KERUSAKAN
A93: 1 | B93: 45687 | C93: S 8329 WI | D93: P Hendro | E93: jempol sip | F93: bu tutik kapas/p agus | G93: 9000 | H93: 1035000 | I93: cash | J93: 625000 | K93: cash | L93: =H93-J93 -> 410000 | M93: 19095000
A94: 2 | B94: 45688 | C94: S 8329 WI | D94: P Hendro | E94: panah | F94: bu eni tulangan | G94: 9000 | H94: 800000 | I94: cash | J94: 400000 | K94: tf | L94: =H94-J94 -> 400000 | M94: 3400000
L95: =SUM(L93:L94) -> 810000 | M95: =SUM(M93:M94) -> 22495000
L96: =L95-M95 -> -21685000
A98: NO | B98: TANGGAL | C98: NO. POL | D98: DRIVER | E98: MERK KEDELAI | F98: PENERIMA | G98: BERAT (kg) | H98: ONGKOSAN | I98: KET | J98: SAKU SOPIR | K98: KET | L98: SETORAN | M98: KERUSAKAN
A99: 1 | B99: 45689 | C99: S 8329 WI | D99: P Hendro | E99: jempol sip | F99: bu iin sepanjang | G99: 9000 | H99: 675000 | I99: tf | J99: 400000 | K99: tf | L99: =H99-J99 -> 275000 | M99: 1500000
A100: 2 | B100: 45702 | C100: S 8329 WI | D100: P Hendro | E100: lotus | F100: p roni sederhana malang | G100: 8500 | H100: 1200000 | I100: tf | J100: 640000 | K100: tf | L100: =H100-J100 -> 560000 | M100: 400000
L101: =SUM(L99:L100) -> 835000 | M101: =SUM(M99:M100) -> 1900000
L102: =L101-M101 -> -1065000
A104: NO | B104: TANGGAL | C104: NO. POL | D104: DRIVER | E104: MERK KEDELAI | F104: PENERIMA | G104: BERAT (kg) | H104: ONGKOSAN | I104: KET | J104: SAKU SOPIR | K104: KET | L104: SETORAN | M104: KERUSAKAN
A105: 1 | B105: 45689 | C105: S 8329 WI | D105: P Hendro | E105: jempol sip | F105: bu iin sepanjang | G105: 9000 | H105: 675000 | I105: tf | J105: 400000 | K105: tf | L105: =H105-J105 -> 275000 | M105: 1500000
A108: NO | B108: TANGGAL | C108: NO. POL | D108: DRIVER | E108: MERK KEDELAI | F108: PENERIMA | G108: BERAT (kg) | H108: ONGKOSAN | I108: KET | J108: SAKU SOPIR | K108: KET | L108: SETORAN | M108: KERUSAKAN
A109: 1 | B109: 45734 | C109: W 8707 DQ | D109: P Hendro | E109: panah | F109: bu tutik toko/kota | G109: 9000 | H109: 1125000 | I109: cash | J109: 640000 | K109: cash | L109: =H109-J109 -> 485000 | M109: 738500
A110: 2 | B110: 45735 | C110: W 8707 DQ | D110: P Hendro | E110: minyak kita | F110: bojonegoro | H110: 1200000 | I110: tf | J110: 665000 | K110: cash | L110: =H110-J110 -> 535000 | M110: 1410000 | N110: tf bukan dari rek angkutan
A111: 3 | B111: 45737 | C111: W 8707 DQ | D111: P Hendro | E111: tomat | F111: bu tutik sumberejo | G111: 9000 | H111: 1000000 | I111: cash | J111: 550000 | K111: cash | L111: =H111-J111 -> 450000 | M111: 1342000
...

Sheet MAS BAYU
A1: TANGGAL | B1: NO. POL | C1: DRIVER | D1: MERK KEDELAI | E1: PENERIMA | F1: BERAT (kg) | G1: ONGKOSAN | H1: KET | I1: SAKU SOPIR | J1: KET | K1: SETORAN | L1: KERUSAKAN | M1: SURAT JALAN
A2: 45139 | B2: G 1475 TF | C2: Mas bayu | K2: 0 | L2: 100000
A3: 45154 | B3: W 8962 DO | C3: Mas bayu | D3: Lotus | E3: Pak iwan | F3: 9000 | G3: 1080000 | H3: Tanpa Ongkos | I3: 640000 | J3: Tanpa Saku | K3: =G3-I3 -> 440000 | L3: 0 | M3: √
A4: 45157 | B4: W 8962 DO | C4: Mas bayu | D4: Lotus | E4: P Iwan bojonegoro | F4: 9000 | G4: 1080000 | H4: Tanpa Ongkos | I4: 640000 | J4: Tanpa Saku | K4: =G4-I4 -> 440000 | L4: 0 | M4: √
A5: 45159 | B5: W 8962 DO | C5: Mas bayu | D5: Lotus | E5: Abah slamet | F5: 9000 | G5: 1215000 | H5: Tanpa Ongkos | I5: 700000 | J5: Tanpa Saku | K5: =G5-I5 -> 515000 | L5: 0 | M5: √ | N5: Sdh di tf
A6: 45160 | B6: W 8962 DO | C6: Mas bayu | D6: Lotus | E6: Abah yudi bojonegoro | F6: 9000 | G6: 900000 | H6: Tanpa Ongkos | I6: 500000 | J6: Tanpa Saku | K6: =G6-I6 -> 400000 | L6: 0 | M6: √
A7: 45161 | B7: W 8962 DO | C7: Mas bayu | D7: Lotus | E7: Kopti wahyu satria | F7: 8500 | G7: 1100000 | H7: Tanpa Ongkos | I7: 640000 | J7: Tanpa Saku | K7: =G7-I7 -> 460000 | L7: 0 | M7: √
A8: 45162 | B8: W 8962 DO | C8: Mas bayu | D8: Kacang Hijau | E8: Menganti | F8: 10000 | G8: 750000 | H8: Tanpa Ongkos | I8: 300000 | J8: Tanpa Saku | K8: =G8-I8 -> 450000 | L8: 0 | M8: Tanpa surat jalan
A9: 45167 | B9: W 8962 DO | C9: Mas bayu | D9: panah | E9: Abah slamet | F9: 9000 | G9: 1215000 | H9: Tanpa Ongkos | I9: 700000 | J9: Tanpa Saku | K9: =G9-I9 -> 515000 | L9: 0 | N9: Sdh di tf
A10: 45168 | B10: W 8962 DO | C10: Mas bayu | D10: panah | E10: Abah mif | F10: 9000 | G10: 820000 | H10: Tanpa Ongkos | I10: 350000 | J10: Tanpa Saku | K10: =G10-I10 -> 470000 | L10: 0
K11: =SUM(K2:K10) -> 3690000 | L11: =SUM(L2:L10) -> 100000
K12: =K11-L11 -> 3590000
A14: TANGGAL | B14: NO. POL | C14: DRIVER | D14: MERK KEDELAI | E14: PENERIMA | F14: BERAT (kg) | G14: ONGKOSAN | H14: KET | I14: SAKU SOPIR | J14: KET | K14: SETORAN | L14: KERUSAKAN | M14: SURAT JALAN
A15: 45180 | B15: S 8165 HJ | C15: Mas bayu | D15: Panah | E15: Abah slamet | F15: 9000 | G15: 1215000 | H15: TF | I15: 700000 | J15: Cash | K15: =G15-I15 -> 515000 | L15: 515000 | M15: √
A16: 45181 | B16: S 8165 HJ | C16: Mas bayu | D16: Panah | E16: Kopti wahyu satria | F16: 8500 | G16: 1100000 | H16: Cash | I16: 640000 | J16: Cash | K16: =G16-I16 -> 460000 | M16: √
A17: 45182 | B17: S 8165 HJ | C17: Mas bayu | D17: Lotus | E17: P Hermanto kemlagi | F17: 9000 | G17: 765000 | H17: TF | I17: 450000 | J17: Cash | K17: =G17-I17 -> 315000 | M17: √
A18: 45183 | B18: S 8165 HJ | C18: Mas bayu | D18: Lotus | E18: P Iwan bojonegoro | F18: 9000 | G18: 1080000 | H18: Cash | I18: 640000 | J18: Cash | K18: =G18-I18 -> 440000 | M18: √
A19: 45185 | B19: S 8165 HJ | C19: Mas bayu | D19: Lotus | E19: P Iwan bojonegoro | F19: 9000 | G19: 1080000 | H19: Cash | I19: 640000 | J19: Cash | K19: =G19-I19 -> 440000 | M19: √
A20: 45187 | B20: S 8165 HJ | C20: Mas bayu | D20: Lotus | E20: Abah mif | F20: 9000 | G20: 850000 | H20: TF | I20: 350000 | J20: Cash | K20: =G20-I20 -> 500000 | M20: √
A21: 45196 | B21: S 8165 HJ | C21: Mas bayu | D21: Lotus | E21: Toko bumi berkah | F21: 9000 | G21: 675000 | H21: Cash | I21: 350000 | J21: Cash | K21: =G21-I21 -> 325000 | M21: √
A22: 45198 | B22: W 8962 DO | C22: Mas bayu | D22: Lotus | E22: Toko bumi berkah | F22: 9000 | G22: 675000 | H22: Tanpa saku | I22: 350000 | J22: Tanpa ongkos | K22: =G22-I22 -> 325000 | M22: √ | N22: Sdh dkasih ibu
A23: 45198 | B23: S 8165 HJ | C23: Mas bayu | D23: Lotus | E23: Abah yudi | F23: 9000 | G23: 900000 | H23: Cash | I23: 500000 | J23: Cash | K23: =G23-I23 -> 400000 | M23: √
A24: 45199 | B24: S 8165 HJ | C24: Mas bayu | D24: Lotus | E24: Abah slamet | F24: 9000 | G24: 1215000 | H24: TF | I24: 700000 | J24: Cash | K24: =G24-I24 -> 515000 | M24: √
K25: =SUM(K15:K24) -> 4235000 | L25: =SUM(L15:L24) -> 515000
K26: =K25-L25 -> 3720000
A27: TANGGAL | B27: NO. POL | C27: DRIVER | D27: MERK KEDELAI | E27: PENERIMA | F27: BERAT (kg) | G27: ONGKOSAN | H27: KET | I27: SAKU SOPIR | J27: KET | K27: SETORAN | L27: KERUSAKAN | M27: SURAT JALAN
A28: 45200 | B28: S 8165 HJ | C28: Mas bayu | D28: Hiu | E28: Abah slamet | F28: 9000 | G28: 1215000 | H28: TF | I28: 700000 | J28: Cash | K28: =G28-I28 -> 515000 | L28: 800000 | M28: √
A29: 45209 | B29: W 9876 UR | C29: Mas bayu | D29: Lotus | E29: Abah slamet | F29: 9000 | G29: 1215000 | H29: TF | I29: 650000 | J29: Cash | K29: =G29-I29 -> 565000 | L29: 0 | M29: √
A30: 45210 | B30: W 8962 DO | C30: Mas bayu | D30: Koi | E30: P Herwanto Kemlagi | F30: 9000 | G30: 765000 | H30: Tanpa Ongkos | I30: 450000 | J30: Tanpa saku | K30: =G30-I30 -> 315000 | L30: 0 | M30: √ | N30: Sdh di tf cv tgl 13/10
A31: 45212 | B31: W 8962 DO | C31: Mas bayu | D31: Lotus | E31: Bu astutik bjonegoro | F31: 9000 | G31: 990000 | H31: Tanpa Ongkos | I31: 550000 | J31: Tanpa saku | K31: =G31-I31 -> 440000 | L31: 0 | M31: √
A32: 45213 | B32: W 8962 DO | C32: Mas bayu | D32: Lotus | E32: P Iwan bojonegoro | F32: 9000 | G32: 1080000 | H32: Tanpa Ongkos | I32: 640000 | J32: Tanpa saku | K32: =G32-I32 -> 440000 | L32: 0 | M32: √
A33: 45215 | B33: M 8382 UA | C33: Mas bayu | D33: Lotus | E33: Bongkar Gudang | F33: 9000 | G33: 675000 | H33: TF | I33: 350000 | J33: Cash | K33: =G33-I33 -> 325000 | L33: 0 | M33: √ | N33: Dikembalikan 60,000 m bayu krna gak diisi ful
A34: 45216 | B34: W 8962 DO | C34: Mas bayu | D34: Lotus | E34: Bongkar Gudang | F34: 9000 | G34: 675000 | H34: Tanpa Ongkos | I34: 350000 | J34: Tanpa saku | K34: =G34-I34 -> 325000 | L34: 0 | M34: √
A35: 45218 | B35: W 8962 DO | C35: Mas bayu | D35: Lotus | E35: Bongkar Gudang | F35: 9000 | G35: 675000 | H35: Tanpa Ongkos | I35: 350000 | J35: Tanpa saku | K35: =G35-I35 -> 325000 | L35: 0 | M35: √
A36: 45218 | B36: W 8882 DS | C36: Mas bayu | D36: Lotus | E36: P Arik Ngawi | F36: 9000 | G36: 1400000 | H36: Cash | I36: 900000 | J36: Cash | K36: =G36-I36 -> 500000 | L36: 426000 | M36: Tanpa surat jalan
A37: 45219 | B37: W 8882 DS | C37: Mas bayu | D37: Lotus | E37: Bongkar Gudang | F37: 9000 | G37: 675000 | H37: TF | I37: 350000 | J37: Cash | K37: =G37-I37 -> 325000 | L37: 0 | M37: √ | N37: Dikembalikan 60,000 m bayu krna gak diisi ful
A38: 45220 | B38: W 8962 DO | C38: Mas bayu | D38: Tulip | E38: Abah slamet | F38: 9000 | G38: 1215000 | H38: Tanpa Ongkos | I38: 700000 | J38: Tanpa saku | K38: =G38-I38 -> 515000 | L38: 0 | M38: √ | N38: sdh di tf angkutan tgl 21/10
A39: 45223 | B39: M 8382 UA | C39: Mas bayu | D39: Lotus | E39: Toko bumi berkah | F39: 9000 | G39: 750000 | H39: Cash | I39: 350000 | J39: Cash | K39: =G39-I39 -> 400000 | L39: 0 | M39: √
A40: 45229 | B40: W 8962 DO | C40: Mas bayu | D40: Lotus | E40: Kopti wahyu satria | F40: 9000 | G40: 1100000 | H40: Tanpa Ongkos | I40: 640000 | J40: Tanpa saku | K40: =G40-I40 -> 460000 | L40: 0 | M40: √
K41: =SUM(K28:K40) -> 5450000 | L41: =SUM(L28:L40) -> 1226000
K42: =K41-L41 -> 4224000
A44: TANGGAL | B44: NO. POL | C44: DRIVER | D44: MERK KEDELAI | E44: PENERIMA | F44: BERAT (kg) | G44: ONGKOSAN | H44: KET | I44: SAKU SOPIR | J44: KET | K44: SETORAN | L44: KERUSAKAN | M44: SURAT JALAN
A45: 45231 | B45: W 8962 DO | C45: Mas Bayu | D45: Lotus | E45: Bongkar Gudang | F45: 10000 | G45: 750000 | H45: Tanpa Ongkos | I45: 350000 | J45: Tanpa Saku | K45: =G45-I45 -> 400000 | L45: 0 | M45: √ | N45: Sdh di tf cv tgl 1/11
A46: 45236 | B46: W 8962 DO | C46: Mas Bayu | D46: Lotus | E46: Abah slamet | F46: 9000 | G46: 1215000 | H46: Tanpa Ongkos | I46: 700000 | J46: Tanpa Saku | K46: =G46-I46 -> 515000 | L46: 0 | N46: Sdh di tf cv tgl 8/11
K47: =SUM(K45:K46) -> 915000 | L47: =SUM(L46) -> 0
K48: =K47-L47 -> 915000
C50: TANGGAL | D50: NO. POL | E50: DRIVER | F50: MERK KEDELAI | G50: PENERIMA | H50: BERAT (kg) | I50: ONGKOSAN | J50: KET | K50: SAKU SOPIR | L50: KET | M50: SETORAN | N50: KERUSAKAN
C51: 45408 | E51: Mas Bayu | F51: Hiu | G51: Toko putra bumi berkah | H51: 9000 | I51: 675000 | J51: Cash | K51: 350000 | L51: Cash | M51: =I51-K51 -> 325000 | N51: 1180000
C52: 45411 | E52: Mas Bayu | F52: Lotus | G52: Toko putra bumi berkah | H52: 9000 | I52: 675000 | J52: Cash | K52: 350000 | L52: Cash | M52: =I52-K52 -> 325000 | N52: 9495000
C53: 45412 | E53: Mas Bayu | F53: Lotus | G53: Toko putra bumi berkah | H53: 9000 | I53: 675000 | J53: Cash | K53: 350000 | L53: Cash | M53: =I53-K53 -> 325000
M54: =SUM(M51:M53) -> 975000 | N54: =SUM(N51:N53) -> 10675000
M55: =M54-N54 -> -9700000

Sheet PAK EKO
A1: TANGGAL | B1: NO. POL | C1: DRIVER | D1: MERK KEDELAI | E1: PENERIMA | F1: BERAT (kg) | G1: ONGKOSAN | I1: SAKU SOPIR | K1: SETORAN | L1: KERUSAKAN
A2: 45078 | B2: W 8962 DO | C2: BAYU | D2: HIU | E2: KOPTI PORONG | F2: 9000 | G2: 810000 | I2: 400000 | K2: =G2-I2 -> 410000 | L2: 1415000
A3: 45080 | B3: W 8962 DO | C3: BAYU | D3: PANAH | E3: KOPTI MOJOKERTO | F3: 9000 | G3: 765000 | I3: 450000 | K3: =G3-I3 -> 315000
A4: 45082 | B4: G 1475 TF | C4: BAYU | D4: LOTUS | E4: BU PRAPTI | F4: 9000 | G4: 1200000 | I4: 640000 | K4: =G4-I4 -> 560000
A5: 45083 | B5: W 8962 DO | C5: BAYU | D5: HIU | E5: BU KASMI MADIUN | F5: 9000 | G5: 1350000 | I5: 800000 | K5: =G5-I5 -> 550000
A6: 45084 | B6: W 8962 DO | C6: BAYU | D6: LOTUS | E6: BU PRAPTI | F6: 9000 | G6: 1200000 | I6: 640000 | K6: =G6-I6 -> 560000
A7: 45085 | B7: W 8962 DO | C7: BAYU | D7: LOTUS | E7: ABAH YUDI BURNO | F7: 9000 | G7: 900000 | I7: 500000 | K7: =G7-I7 -> 400000 | L7: 2120000
A8: 45086 | B8: W 8962 DO | C8: BAYU | D8: LOTUS | E8: PAK IWAN | F8: 9000 | G8: 1080000 | I8: 640000 | K8: =G8-I8 -> 440000
A9: 45087 | B9: W 8962 DO | C9: BAYU | D9: PANAH | E9: BU YATINI | F9: 9000 | G9: 1400000 | I9: 900000 | K9: =G9-I9 -> 500000
A10: 45089 | B10: W 8962 DO | C10: BAYU | D10: LOTUS | E10: PAK SLAMET TOBO | F10: 9000 | G10: 1215000 | I10: 700000 | K10: =G10-I10 -> 515000
A11: 45090 | B11: W 8962 DO | C11: BAYU | D11: PANAH | E11: PAK SLAMET TOBO | F11: 9000 | G11: 1215000 | I11: 700000 | K11: =G11-I11 -> 515000 | L11: 116000
A12: 45091 | B12: W 8962 DO | C12: BAYU | D12: LOTUS | E12: BU PRAPTI | G12: 1200000 | I12: 640000 | K12: =G12-I12 -> 560000 | L12: 1380000
A13: 45093 | B13: W 8962 DO | C13: BAYU | D13: LOTUS | E13: ABAH YUDI BURNO | F13: 9000 | G13: 900000 | I13: 500000 | K13: =G13-I13 -> 400000
A14: 45094 | B14: W 8962 DO | C14: BAYU | D14: HIU | E14: BU KASMI MADIUN | G14: 1350000 | I14: 800000 | K14: =G14-I14 -> 550000
A15: 45096 | B15: W 8962 DO | C15: BAYU | D15: LOTUS | E15: PAK SLAMET TOBO | G15: 1215000 | I15: 700000 | K15: =G15-I15 -> 515000
